Conventions,G,BADC-CSV,1
title,G,uk-soil-temperature-obs
source,G,Met Office MIDAS database
creator,G,Met Office
activity,G,Met Office MIDAS Open: UK Land Surface Stations Data
feature_type,G,point series
collection_name,G,midas-open
collection_version_number,G,dataset-version-201908
history,G,Created 2019-08-20
last_revised_date,G,2019-08-20
observation_station,G,paisley
historic_county_name,G,renfrewshire
midas_station_id,G,00968
location,G,55.845,-4.431
height,G,32,m
date_valid,G,2004-01-01 00:00:00,2004-12-31 23:59:59
midas_qc_version_number,G,1
comments,G,The midas_qc_version_number indicates if the data are original received message (0) or current best version (1)
comments,G,This file contains station observations
comments,G,missing values are identified with the missing data flag
missing_value,G,NA
coordinate_variable,ob_time,t
long_name,ob_time,Date and time of observation,s
type,ob_time,char
comments,ob_time,Date and time (YYYY-MM-DD HH:MM:SS) of observation
long_name,id,station identifier,1
type,id,char
comments,id,a station may have more than one id assigned to it designated by the id_type
long_name,id_type,identifier type,1
type,id_type,char
comments,id_type,a station may have more than one id assigned to it defined by id_type
long_name,version_num,midas qc version number,1
type,version_num,int
comments,version_num,The midas_qc_version_number indicates if the data are original received message (0) or current best version (1)
long_name,met_domain_name,message type,1
type,met_domain_name,char
comments,met_domain_name,message type (see MIDAS documentation)
long_name,src_id,unique source identifier or station site number,1
type,src_id,int
comments,src_id,unique source identifier or station site number
long_name,rec_st_ind,state indicator for the record,1
type,rec_st_ind,int
comments,rec_st_ind,state indicator for the current stage in the life of the record (see MIDAS documentation)
long_name,q5cm_soil_temp,5cm soil temperature,degC
type,q5cm_soil_temp,float
long_name,q5cm_soil_temp_q,QC code: 5cm soil temperature,1
type,q5cm_soil_temp_q,int
long_name,q5cm_soil_temp_j,Descriptor: 5cm soil temperature,1
type,q5cm_soil_temp_j,char
long_name,q10cm_soil_temp,10cm soil temperature,degC
type,q10cm_soil_temp,float
long_name,q10cm_soil_temp_q,QC code: 10cm soil temperature,1
type,q10cm_soil_temp_q,int
long_name,q10cm_soil_temp_j,Descriptor: 10cm soil temperature,1
type,q10cm_soil_temp_j,char
long_name,q20cm_soil_temp,20cm soil temperature,degC
type,q20cm_soil_temp,float
long_name,q20cm_soil_temp_q,QC code: 20cm soil temperature,1
type,q20cm_soil_temp_q,int
long_name,q20cm_soil_temp_j,Descriptor: 20cm soil temperature,1
type,q20cm_soil_temp_j,char
long_name,q30cm_soil_temp,30cm soil temperature,degC
type,q30cm_soil_temp,float
long_name,q30cm_soil_temp_q,QC code: 30cm soil temperature,1
type,q30cm_soil_temp_q,int
long_name,q30cm_soil_temp_j,Descriptor: 30cm soil temperature,1
type,q30cm_soil_temp_j,char
long_name,q50cm_soil_temp,50cm soil temperature,degC
type,q50cm_soil_temp,float
long_name,q50cm_soil_temp_q,QC code: 50cm soil temperature,1
type,q50cm_soil_temp_q,int,
long_name,q50cm_soil_temp_j,Descriptor: 50cm soil temperature,1
type,q50cm_soil_temp_j,char
long_name,q100cm_soil_temp,100cm soil temperature,degC
type,q100cm_soil_temp,float
long_name,q100cm_soil_temp_q,QC code: 100cm soil temperature,1
type,q100cm_soil_temp_q,int
long_name,q100cm_soil_temp_j,Descriptor: 100cm soil temperature,1
type,q100cm_soil_temp_j,char
long_name,meto_stmp_time,Met Office receipt stamp time,s
type,meto_stmp_time,char
comments,meto_stmp_time,Met Office receipt stampe time in format (YYYY-MM-DD HH:MM:SS)
long_name,midas_stmp_etime,Elapsed time to storage in MIDAS,minutes
type,midas_stmp_etime,int
data
ob_time,id_type,id,met_domain_name,version_num,src_id,rec_st_ind,q5cm_soil_temp,q5cm_soil_temp_q,q5cm_soil_temp_j,q10cm_soil_temp,q10cm_soil_temp_q,q10cm_soil_temp_j,q20cm_soil_temp,q20cm_soil_temp_q,q20cm_soil_temp_j,q30cm_soil_temp,q30cm_soil_temp_q,q30cm_soil_temp_j,q50cm_soil_temp,q50cm_soil_temp_q,q50cm_soil_temp_j,q100cm_soil_temp,q100cm_soil_temp_q,q100cm_soil_temp_j,meto_stmp_time,midas_stmp_etime
2004-01-01 09:00:00,DCNN,6366,DLY3208,1,968,1011,NA,NA,NA,NA,NA,NA,NA,NA,NA,2.6,6,NA,4.7,6,NA,7.1,6,NA,2004-02-11 11:44:00,0
2004-01-02 09:00:00,DCNN,6366,DLY3208,1,968,1011,NA,NA,NA,NA,NA,NA,NA,NA,NA,2.5,6,NA,5.1,6,NA,7.1,6,NA,2004-02-11 11:44:00,0
2004-01-03 09:00:00,DCNN,6366,DLY3208,1,968,1011,NA,NA,NA,NA,NA,NA,NA,NA,NA,2.6,6,NA,5.2,6,NA,7.2,6,NA,2004-02-11 11:44:00,0
2004-01-04 09:00:00,DCNN,6366,DLY3208,1,968,1011,NA,NA,NA,NA,NA,NA,NA,NA,NA,3.4,6,NA,5.4,6,NA,7.2,6,NA,2004-02-11 11:44:00,0
2004-01-05 09:00:00,DCNN,6366,DLY3208,1,968,1011,NA,NA,NA,NA,NA,NA,NA,NA,NA,4.5,6,NA,5.8,6,NA,7.5,6,NA,2004-02-11 11:44:00,0
2004-01-06 09:00:00,DCNN,6366,DLY3208,1,968,1011,NA,NA,NA,NA,NA,NA,NA,NA,NA,5.4,6,NA,5.8,6,NA,7.3,6,NA,2004-02-11 11:44:00,0
2004-01-07 09:00:00,DCNN,6366,DLY3208,1,968,1011,NA,NA,NA,NA,NA,NA,NA,NA,NA,5.6,6,NA,6.5,6,NA,7.4,6,NA,2004-02-11 11:44:00,0
2004-01-08 09:00:00,DCNN,6366,DLY3208,1,968,1011,NA,NA,NA,NA,NA,NA,NA,NA,NA,6.3,6,NA,6.8,6,NA,7.7,6,NA,2004-02-11 11:44:00,0
2004-01-09 09:00:00,DCNN,6366,DLY3208,1,968,1011,NA,NA,NA,NA,NA,NA,NA,NA,NA,6.5,6,NA,7.1,6,NA,7.6,6,NA,2004-02-11 11:44:00,0
2004-01-10 09:00:00,DCNN,6366,DLY3208,1,968,1011,NA,NA,NA,NA,NA,NA,NA,NA,NA,6.2,6,NA,7,6,NA,7.4,6,NA,2004-02-11 11:44:00,0
2004-01-11 09:00:00,DCNN,6366,DLY3208,1,968,1011,NA,NA,NA,NA,NA,NA,NA,NA,NA,6.2,6,NA,6.9,6,NA,7.4,6,NA,2004-02-11 11:44:00,0
2004-01-12 09:00:00,DCNN,6366,DLY3208,1,968,1011,NA,NA,NA,NA,NA,NA,NA,NA,NA,6,6,NA,6.8,6,NA,7.4,6,NA,2004-02-11 11:44:00,0
2004-01-13 09:00:00,DCNN,6366,DLY3208,1,968,1011,NA,NA,NA,NA,NA,NA,NA,NA,NA,5.4,6,NA,6.5,6,NA,7.2,6,NA,2004-02-11 11:44:00,0
2004-01-14 09:00:00,DCNN,6366,DLY3208,1,968,1011,NA,NA,NA,NA,NA,NA,NA,NA,NA,5,6,NA,6.3,6,NA,7.1,6,NA,2004-02-11 11:44:00,0
2004-01-15 09:00:00,DCNN,6366,DLY3208,1,968,1011,NA,NA,NA,NA,NA,NA,NA,NA,NA,4.8,6,NA,6.1,6,NA,7.1,6,NA,2004-02-11 11:44:00,0
2004-01-16 09:00:00,DCNN,6366,DLY3208,1,968,1011,NA,NA,NA,NA,NA,NA,NA,NA,NA,4.6,6,NA,5.9,6,NA,7,6,NA,2004-02-11 11:44:00,0
2004-01-17 09:00:00,DCNN,6366,DLY3208,1,968,1011,NA,NA,NA,NA,NA,NA,NA,NA,NA,4.1,6,NA,6,6,NA,7,6,NA,2004-02-11 11:44:00,0
2004-01-18 09:00:00,DCNN,6366,DLY3208,1,968,1011,NA,NA,NA,NA,NA,NA,NA,NA,NA,3.3,6,NA,5.5,6,NA,6.9,6,NA,2004-02-11 11:44:00,0
2004-01-19 09:00:00,DCNN,6366,DLY3208,1,968,1011,NA,NA,NA,NA,NA,NA,NA,NA,NA,3.9,6,NA,5.3,6,NA,6.8,6,NA,2004-02-11 11:44:00,0
2004-01-20 09:00:00,DCNN,6366,DLY3208,1,968,1011,NA,NA,NA,NA,NA,NA,NA,NA,NA,5.4,6,NA,5.8,6,NA,6.9,6,NA,2004-02-11 11:44:00,0
2004-01-21 09:00:00,DCNN,6366,DLY3208,1,968,1011,NA,NA,NA,NA,NA,NA,NA,NA,NA,6.2,6,NA,6.5,6,NA,7.1,6,NA,2004-02-11 11:44:00,0
2004-01-22 09:00:00,DCNN,6366,DLY3208,1,968,1011,NA,NA,NA,NA,NA,NA,NA,NA,NA,6.4,6,NA,6.7,6,NA,7.2,6,NA,2004-02-11 11:44:00,0
2004-01-23 09:00:00,DCNN,6366,DLY3208,1,968,1011,NA,NA,NA,NA,NA,NA,NA,NA,NA,6.8,6,NA,7,6,NA,7.2,6,NA,2004-02-11 11:44:00,0
2004-01-24 09:00:00,DCNN,6366,DLY3208,1,968,1011,NA,NA,NA,NA,NA,NA,NA,NA,NA,6.7,6,NA,7.1,6,NA,7.3,6,NA,2004-02-11 11:44:00,0
2004-01-25 09:00:00,DCNN,6366,DLY3208,1,968,1011,NA,NA,NA,NA,NA,NA,NA,NA,NA,6,6,NA,6.9,6,NA,7.3,6,NA,2004-02-11 11:44:00,0
2004-01-26 09:00:00,DCNN,6366,DLY3208,1,968,1011,NA,NA,NA,NA,NA,NA,NA,NA,NA,5.2,6,NA,6.6,6,NA,7.2,6,NA,2004-02-11 11:44:00,0
2004-01-27 09:00:00,DCNN,6366,DLY3208,1,968,1011,NA,NA,NA,NA,NA,NA,NA,NA,NA,4.4,6,NA,6.2,6,NA,7.1,6,NA,2004-02-11 11:44:00,0
2004-01-28 09:00:00,DCNN,6366,DLY3208,1,968,1011,NA,NA,NA,NA,NA,NA,NA,NA,NA,3.6,6,NA,5.7,6,NA,6.9,6,NA,2004-02-11 11:44:00,0
2004-01-29 09:00:00,DCNN,6366,DLY3208,1,968,1011,NA,NA,NA,NA,NA,NA,NA,NA,NA,3.1,6,NA,5.3,6,NA,6.7,6,NA,2004-02-11 11:44:00,0
2004-01-30 09:00:00,DCNN,6366,DLY3208,1,968,1011,NA,NA,NA,NA,NA,NA,NA,NA,NA,3,6,NA,4.9,6,NA,6.4,6,NA,2004-02-11 11:44:00,0
2004-01-31 09:00:00,DCNN,6366,DLY3208,1,968,1011,NA,NA,NA,NA,NA,NA,NA,NA,NA,3.6,6,NA,5.1,6,NA,6.6,6,NA,2004-02-11 11:44:00,0
2004-02-01 09:00:00,DCNN,6366,DLY3208,1,968,1011,NA,NA,NA,NA,NA,NA,NA,NA,NA,3.4,6,NA,5.2,6,NA,6.4,6,NA,2004-03-17 09:37:00,35
2004-02-02 09:00:00,DCNN,6366,DLY3208,1,968,1011,NA,NA,NA,NA,NA,NA,NA,NA,NA,4,6,NA,5.2,6,NA,5.4,6,NA,2004-03-17 09:37:00,35
2004-02-03 09:00:00,DCNN,6366,DLY3208,1,968,1011,NA,NA,NA,NA,NA,NA,NA,NA,NA,5.4,6,NA,5.6,6,NA,6.4,6,NA,2004-03-17 09:37:00,35
2004-02-04 09:00:00,DCNN,6366,DLY3208,1,968,1011,NA,NA,NA,NA,NA,NA,NA,NA,NA,6.5,6,NA,6.4,6,NA,6.8,6,NA,2004-03-17 09:37:00,35
2004-02-05 09:00:00,DCNN,6366,DLY3208,1,968,1011,NA,NA,NA,NA,NA,NA,NA,NA,NA,7.1,6,NA,6.7,6,NA,6.9,6,NA,2004-03-17 09:37:00,35
2004-02-06 09:00:00,DCNN,6366,DLY3208,1,968,1011,NA,NA,NA,NA,NA,NA,NA,NA,NA,7.2,6,NA,7.1,6,NA,7.1,6,NA,2004-03-17 09:37:00,35
2004-02-07 09:00:00,DCNN,6366,DLY3208,1,968,1011,NA,NA,NA,NA,NA,NA,NA,NA,NA,6.8,6,NA,7.1,6,NA,7.2,6,NA,2004-03-17 09:37:00,36
2004-02-08 09:00:00,DCNN,6366,DLY3208,1,968,1011,NA,NA,NA,NA,NA,NA,NA,NA,NA,5.7,6,NA,6.8,6,NA,7,6,NA,2004-03-17 09:37:00,36
2004-02-09 09:00:00,DCNN,6366,DLY3208,1,968,1011,NA,NA,NA,NA,NA,NA,NA,NA,NA,4.6,6,NA,6.2,6,NA,6.9,6,NA,2004-03-17 09:37:00,36
2004-02-10 09:00:00,DCNN,6366,DLY3208,1,968,1011,NA,NA,NA,NA,NA,NA,NA,NA,NA,4,6,NA,5.7,6,NA,6.7,6,NA,2004-03-17 09:37:00,36
2004-02-11 09:00:00,DCNN,6366,DLY3208,1,968,1011,NA,NA,NA,NA,NA,NA,NA,NA,NA,5.5,6,NA,5.8,6,NA,6.8,6,NA,2004-03-17 09:37:00,36
2004-02-12 09:00:00,DCNN,6366,DLY3208,1,968,1011,NA,NA,NA,NA,NA,NA,NA,NA,NA,5.8,6,NA,6.4,6,NA,6.9,6,NA,2004-03-17 09:37:00,36
2004-02-13 09:00:00,DCNN,6366,DLY3208,1,968,1011,NA,NA,NA,NA,NA,NA,NA,NA,NA,6.4,6,NA,6.6,6,NA,6.9,6,NA,2004-03-17 09:37:00,36
2004-02-14 09:00:00,DCNN,6366,DLY3208,1,968,1011,NA,NA,NA,NA,NA,NA,NA,NA,NA,6.3,6,NA,6.8,6,NA,7,6,NA,2004-03-17 09:37:00,36
2004-02-15 09:00:00,DCNN,6366,DLY3208,1,968,1011,NA,NA,NA,NA,NA,NA,NA,NA,NA,6.2,6,NA,6.8,6,NA,7.1,6,NA,2004-03-17 09:37:00,36
2004-02-16 09:00:00,DCNN,6366,DLY3208,1,968,1011,NA,NA,NA,NA,NA,NA,NA,NA,NA,6.3,6,NA,6.8,6,NA,7,6,NA,2004-03-17 09:37:00,36
2004-02-17 09:00:00,DCNN,6366,DLY3208,1,968,1011,NA,NA,NA,NA,NA,NA,NA,NA,NA,6.2,6,NA,6.7,6,NA,7,6,NA,2004-03-17 09:37:00,36
2004-02-18 09:00:00,DCNN,6366,DLY3208,1,968,1011,NA,NA,NA,NA,NA,NA,NA,NA,NA,5,6,NA,6,6,NA,7,6,NA,2004-03-17 09:37:00,36
2004-02-19 09:00:00,DCNN,6366,DLY3208,1,968,1011,NA,NA,NA,NA,NA,NA,NA,NA,NA,4.1,6,NA,6,6,NA,7,6,NA,2004-03-17 09:37:00,36
2004-02-20 09:00:00,DCNN,6366,DLY3208,1,968,1011,NA,NA,NA,NA,NA,NA,NA,NA,NA,3.4,6,NA,5.6,6,NA,6.9,6,NA,2004-03-17 09:37:00,36
2004-02-21 09:00:00,DCNN,6366,DLY3208,1,968,1011,NA,NA,NA,NA,NA,NA,NA,NA,NA,3.8,6,NA,5.6,6,NA,6.8,6,NA,2004-03-17 09:37:00,36
2004-02-22 09:00:00,DCNN,6366,DLY3208,1,968,1011,NA,NA,NA,NA,NA,NA,NA,NA,NA,3.9,6,NA,5.6,6,NA,6.8,6,NA,2004-03-17 09:37:00,36
2004-02-23 09:00:00,DCNN,6366,DLY3208,1,968,1011,NA,NA,NA,NA,NA,NA,NA,NA,NA,3.2,6,NA,5.4,6,NA,6.6,6,NA,2004-03-17 09:37:00,36
2004-02-24 09:00:00,DCNN,6366,DLY3208,1,968,1011,NA,NA,NA,NA,NA,NA,NA,NA,NA,3.7,6,NA,5.3,6,NA,6.4,6,NA,2004-03-17 09:37:00,36
2004-02-25 09:00:00,DCNN,6366,DLY3208,1,968,1011,NA,NA,NA,NA,NA,NA,NA,NA,NA,3.7,6,NA,5.4,6,NA,6.4,6,NA,2004-03-17 09:37:00,36
2004-02-26 09:00:00,DCNN,6366,DLY3208,1,968,1011,NA,NA,NA,NA,NA,NA,NA,NA,NA,3.1,6,NA,5.3,6,NA,6.5,6,NA,2004-03-17 09:37:00,36
2004-02-27 09:00:00,DCNN,6366,DLY3208,1,968,1011,NA,NA,NA,NA,NA,NA,NA,NA,NA,2.7,6,NA,4.9,6,NA,6.3,6,NA,2004-03-17 09:37:00,36
2004-02-28 09:00:00,DCNN,6366,DLY3208,1,968,1011,NA,NA,NA,NA,NA,NA,NA,NA,NA,2.4,6,NA,4.7,6,NA,6.2,6,NA,2004-03-17 09:37:00,36
2004-02-29 09:00:00,DCNN,6366,DLY3208,1,968,1011,NA,NA,NA,NA,NA,NA,NA,NA,NA,2.3,6,NA,4.6,6,NA,6.2,6,NA,2004-03-17 09:37:00,36
2004-03-01 09:00:00,DCNN,6366,DLY3208,1,968,1011,NA,NA,NA,NA,NA,NA,NA,NA,NA,2.2,6,NA,4.4,6,NA,6,6,NA,2004-04-13 13:26:00,25
2004-03-02 09:00:00,DCNN,6366,DLY3208,1,968,1022,NA,NA,NA,NA,NA,NA,NA,NA,NA,2.1,6,NA,4.3,6,NA,5.9,2006,NA,2004-04-21 13:05:00,0
2004-03-03 09:00:00,DCNN,6366,DLY3208,1,968,1011,NA,NA,NA,NA,NA,NA,NA,NA,NA,2.3,6,NA,4.3,6,NA,6,6,NA,2004-04-13 13:26:00,25
2004-03-04 09:00:00,DCNN,6366,DLY3208,1,968,1022,NA,NA,NA,NA,NA,NA,NA,NA,NA,2.7,6,NA,4.4,6,NA,5.9,2006,NA,2004-04-21 13:05:00,0
2004-03-05 09:00:00,DCNN,6366,DLY3208,1,968,1011,NA,NA,NA,NA,NA,NA,NA,NA,NA,4.1,6,NA,5,6,NA,6.1,6,NA,2004-04-13 13:26:00,25
2004-03-06 09:00:00,DCNN,6366,DLY3208,1,968,1011,NA,NA,NA,NA,NA,NA,NA,NA,NA,4.6,6,NA,5.5,6,NA,6.3,6,NA,2004-04-13 13:26:00,25
2004-03-07 09:00:00,DCNN,6366,DLY3208,1,968,1011,NA,NA,NA,NA,NA,NA,NA,NA,NA,4.5,6,NA,5.6,6,NA,6.2,6,NA,2004-04-13 13:26:00,25
2004-03-08 09:00:00,DCNN,6366,DLY3208,1,968,1011,NA,NA,NA,NA,NA,NA,NA,NA,NA,4.3,6,NA,5.6,6,NA,6.2,6,NA,2004-04-13 13:26:00,25
2004-03-09 09:00:00,DCNN,6366,DLY3208,1,968,1011,NA,NA,NA,NA,NA,NA,NA,NA,NA,4,6,NA,5.6,6,NA,6.3,6,NA,2004-04-13 13:26:00,25
2004-03-10 09:00:00,DCNN,6366,DLY3208,1,968,1011,NA,NA,NA,NA,NA,NA,NA,NA,NA,3.9,6,NA,5.4,6,NA,6.2,6,NA,2004-04-13 13:26:00,25
2004-03-11 09:00:00,DCNN,6366,DLY3208,1,968,1011,NA,NA,NA,NA,NA,NA,NA,NA,NA,4,6,NA,5.3,6,NA,6.3,6,NA,2004-04-13 13:26:00,25
2004-03-12 09:00:00,DCNN,6366,DLY3208,1,968,1011,NA,NA,NA,NA,NA,NA,NA,NA,NA,4,6,NA,5.2,6,NA,6.3,6,NA,2004-04-13 13:26:00,25
2004-03-13 09:00:00,DCNN,6366,DLY3208,1,968,1011,NA,NA,NA,NA,NA,NA,NA,NA,NA,4.2,6,NA,5.2,6,NA,6.2,6,NA,2004-04-13 13:26:00,25
2004-03-14 09:00:00,DCNN,6366,DLY3208,1,968,1011,NA,NA,NA,NA,NA,NA,NA,NA,NA,5,6,NA,5.5,6,NA,6.6,6,NA,2004-04-13 13:26:00,25
2004-03-15 09:00:00,DCNN,6366,DLY3208,1,968,1011,NA,NA,NA,NA,NA,NA,NA,NA,NA,5.6,6,NA,5.8,6,NA,6.6,6,NA,2004-04-13 13:26:00,25
2004-03-16 09:00:00,DCNN,6366,DLY3208,1,968,1011,NA,NA,NA,NA,NA,NA,NA,NA,NA,6.4,6,NA,6,6,NA,6.6,6,NA,2004-04-13 13:26:00,25
2004-03-17 09:00:00,DCNN,6366,DLY3208,1,968,1011,NA,NA,NA,NA,NA,NA,NA,NA,NA,7.2,6,NA,6.6,6,NA,6.8,6,NA,2004-04-13 13:26:00,25
2004-03-18 09:00:00,DCNN,6366,DLY3208,1,968,1011,NA,NA,NA,NA,NA,NA,NA,NA,NA,6.7,6,NA,6.8,6,NA,6.9,6,NA,2004-04-13 13:26:00,25
2004-03-19 09:00:00,DCNN,6366,DLY3208,1,968,1011,NA,NA,NA,NA,NA,NA,NA,NA,NA,6.9,6,NA,7,6,NA,7.1,6,NA,2004-04-13 13:26:00,25
2004-03-20 09:00:00,DCNN,6366,DLY3208,1,968,1011,NA,NA,NA,NA,NA,NA,NA,NA,NA,6.4,6,NA,6.9,6,NA,7.1,6,NA,2004-04-13 13:26:00,25
2004-03-21 09:00:00,DCNN,6366,DLY3208,1,968,1011,NA,NA,NA,NA,NA,NA,NA,NA,NA,6.5,6,NA,6.8,6,NA,7.1,6,NA,2004-04-13 13:26:00,25
2004-03-22 09:00:00,DCNN,6366,DLY3208,1,968,1011,NA,NA,NA,NA,NA,NA,NA,NA,NA,6.2,6,NA,6.7,6,NA,7.1,6,NA,2004-04-13 13:26:00,25
2004-03-23 09:00:00,DCNN,6366,DLY3208,1,968,1011,NA,NA,NA,NA,NA,NA,NA,NA,NA,6.1,6,NA,6.6,6,NA,7.1,6,NA,2004-04-13 13:26:00,25
2004-03-24 09:00:00,DCNN,6366,DLY3208,1,968,1011,NA,NA,NA,NA,NA,NA,NA,NA,NA,5.8,6,NA,6.7,6,NA,7.1,6,NA,2004-04-13 13:26:00,26
2004-03-25 09:00:00,DCNN,6366,DLY3208,1,968,1011,NA,NA,NA,NA,NA,NA,NA,NA,NA,6.1,6,NA,6.7,6,NA,7.2,6,NA,2004-04-13 13:26:00,26
2004-03-26 09:00:00,DCNN,6366,DLY3208,1,968,1011,NA,NA,NA,NA,NA,NA,NA,NA,NA,6.2,6,NA,6.6,6,NA,7.2,6,NA,2004-04-13 13:26:00,26
2004-03-27 09:00:00,DCNN,6366,DLY3208,1,968,1011,NA,NA,NA,NA,NA,NA,NA,NA,NA,6.8,6,NA,6.9,6,NA,7.3,6,NA,2004-04-13 13:26:00,26
2004-03-28 09:00:00,DCNN,6366,DLY3208,1,968,1011,NA,NA,NA,NA,NA,NA,NA,NA,NA,7.6,6,NA,7.3,6,NA,7.3,6,NA,2004-04-13 13:26:00,26
2004-03-29 09:00:00,DCNN,6366,DLY3208,1,968,1011,NA,NA,NA,NA,NA,NA,NA,NA,NA,8.2,6,NA,8.1,6,NA,7.3,6,NA,2004-04-13 13:26:00,26
2004-03-30 09:00:00,DCNN,6366,DLY3208,1,968,1011,NA,NA,NA,NA,NA,NA,NA,NA,NA,8.3,6,NA,7.9,6,NA,7.6,6,NA,2004-04-13 13:26:00,26
2004-03-31 09:00:00,DCNN,6366,DLY3208,1,968,1011,NA,NA,NA,NA,NA,NA,NA,NA,NA,8.8,6,NA,8.1,6,NA,7.7,6,NA,2004-04-13 13:26:00,26
2004-04-01 09:00:00,DCNN,6366,DLY3208,1,968,1011,NA,NA,NA,NA,NA,NA,NA,NA,NA,8.4,6,NA,8.1,6,NA,7.8,6,NA,2004-05-14 08:06:00,52
2004-04-02 09:00:00,DCNN,6366,DLY3208,1,968,1011,NA,NA,NA,NA,NA,NA,NA,NA,NA,8.6,6,NA,8.2,6,NA,7.9,6,NA,2004-05-14 08:06:00,52
2004-04-03 09:00:00,DCNN,6366,DLY3208,1,968,1011,NA,NA,NA,NA,NA,NA,NA,NA,NA,8.6,6,NA,8.3,6,NA,8,6,NA,2004-05-14 08:06:00,52
2004-04-04 09:00:00,DCNN,6366,DLY3208,1,968,1011,NA,NA,NA,NA,NA,NA,NA,NA,NA,8.7,6,NA,8.5,6,NA,8.1,6,NA,2004-05-14 08:06:00,52
2004-04-05 09:00:00,DCNN,6366,DLY3208,1,968,1011,NA,NA,NA,NA,NA,NA,NA,NA,NA,8.6,6,NA,8.6,6,NA,8.2,6,NA,2004-05-14 08:06:00,53
2004-04-06 09:00:00,DCNN,6366,DLY3208,1,968,1011,NA,NA,NA,NA,NA,NA,NA,NA,NA,8.4,6,NA,8.5,6,NA,8.3,6,NA,2004-05-14 08:06:00,53
2004-04-07 09:00:00,DCNN,6366,DLY3208,1,968,1011,NA,NA,NA,NA,NA,NA,NA,NA,NA,8.4,6,NA,8.6,6,NA,8.5,6,NA,2004-05-14 08:06:00,53
2004-04-08 09:00:00,DCNN,6366,DLY3208,1,968,1011,NA,NA,NA,NA,NA,NA,NA,NA,NA,8.4,6,NA,8.6,6,NA,8.5,6,NA,2004-05-14 08:06:00,53
2004-04-09 09:00:00,DCNN,6366,DLY3208,1,968,1011,NA,NA,NA,NA,NA,NA,NA,NA,NA,8.6,6,NA,8.6,6,NA,8.5,6,NA,2004-05-14 08:06:00,60
2004-04-10 09:00:00,DCNN,6366,DLY3208,1,968,1011,NA,NA,NA,NA,NA,NA,NA,NA,NA,9.4,6,NA,8.9,6,NA,8.7,6,NA,2004-05-14 08:06:00,60
2004-04-11 09:00:00,DCNN,6366,DLY3208,1,968,1011,NA,NA,NA,NA,NA,NA,NA,NA,NA,9.7,6,NA,9.1,6,NA,8.9,6,NA,2004-05-14 08:06:00,60
2004-04-12 09:00:00,DCNN,6366,DLY3208,1,968,1011,NA,NA,NA,NA,NA,NA,NA,NA,NA,9.9,6,NA,9.2,6,NA,8.8,6,NA,2004-05-14 08:06:00,61
2004-04-13 09:00:00,DCNN,6366,DLY3208,1,968,1011,NA,NA,NA,NA,NA,NA,NA,NA,NA,10.1,6,NA,9.4,6,NA,8.8,6,NA,2004-05-14 08:06:00,61
2004-04-14 09:00:00,DCNN,6366,DLY3208,1,968,1011,NA,NA,NA,NA,NA,NA,NA,NA,NA,10.1,6,NA,9.5,6,NA,8.8,6,NA,2004-05-14 08:06:00,61
2004-04-15 09:00:00,DCNN,6366,DLY3208,1,968,1011,NA,NA,NA,NA,NA,NA,NA,NA,NA,10.3,6,NA,9.7,6,NA,9,6,NA,2004-05-14 08:06:00,61
2004-04-16 09:00:00,DCNN,6366,DLY3208,1,968,1011,NA,NA,NA,NA,NA,NA,NA,NA,NA,9.9,6,NA,9.7,6,NA,9.1,6,NA,2004-05-14 08:06:00,61
2004-04-17 09:00:00,DCNN,6366,DLY3208,1,968,1011,NA,NA,NA,NA,NA,NA,NA,NA,NA,10,6,NA,9.8,6,NA,9.7,6,NA,2004-05-14 08:06:00,61
2004-04-18 09:00:00,DCNN,6366,DLY3208,1,968,1011,NA,NA,NA,NA,NA,NA,NA,NA,NA,9.3,6,NA,9.6,6,NA,9.2,6,NA,2004-05-14 08:06:00,62
2004-04-19 09:00:00,DCNN,6366,DLY3208,1,968,1011,NA,NA,NA,NA,NA,NA,NA,NA,NA,9.4,6,NA,9.5,6,NA,9.3,6,NA,2004-05-14 08:06:00,62
2004-04-20 09:00:00,DCNN,6366,DLY3208,1,968,1011,NA,NA,NA,NA,NA,NA,NA,NA,NA,9.6,6,NA,9.6,6,NA,9.4,6,NA,2004-05-14 08:06:00,62
2004-04-21 09:00:00,DCNN,6366,DLY3208,1,968,1011,NA,NA,NA,NA,NA,NA,NA,NA,NA,9.7,6,NA,9.7,6,NA,9.5,6,NA,2004-05-14 08:06:00,63
2004-04-22 09:00:00,DCNN,6366,DLY3208,1,968,1011,NA,NA,NA,NA,NA,NA,NA,NA,NA,10,6,NA,9.9,6,NA,9.5,6,NA,2004-05-14 08:06:00,64
2004-04-23 09:00:00,DCNN,6366,DLY3208,1,968,1011,NA,NA,NA,NA,NA,NA,NA,NA,NA,10.5,6,NA,10,6,NA,9.6,6,NA,2004-05-14 08:06:00,64
2004-04-24 09:00:00,DCNN,6366,DLY3208,1,968,1011,NA,NA,NA,NA,NA,NA,NA,NA,NA,10.6,6,NA,10.1,6,NA,9.7,6,NA,2004-05-14 08:06:00,64
2004-04-25 09:00:00,DCNN,6366,DLY3208,1,968,1011,NA,NA,NA,NA,NA,NA,NA,NA,NA,10.9,6,NA,10.2,6,NA,9.5,6,NA,2004-05-14 08:06:00,64
2004-04-26 09:00:00,DCNN,6366,DLY3208,1,968,1011,NA,NA,NA,NA,NA,NA,NA,NA,NA,11.5,6,NA,10.6,6,NA,9.7,6,NA,2004-05-14 08:06:00,65
2004-04-27 09:00:00,DCNN,6366,DLY3208,1,968,1011,NA,NA,NA,NA,NA,NA,NA,NA,NA,12.1,6,NA,10.8,6,NA,9.6,6,NA,2004-05-14 08:06:00,65
2004-04-28 09:00:00,DCNN,6366,DLY3208,1,968,1011,NA,NA,NA,NA,NA,NA,NA,NA,NA,12.1,6,NA,11.1,6,NA,9.9,6,NA,2004-05-14 08:06:00,65
2004-04-29 09:00:00,DCNN,6366,DLY3208,1,968,1011,NA,NA,NA,NA,NA,NA,NA,NA,NA,12.2,6,NA,11.3,6,NA,10.1,6,NA,2004-05-14 08:06:00,66
2004-04-30 09:00:00,DCNN,6366,DLY3208,1,968,1011,NA,NA,NA,NA,NA,NA,NA,NA,NA,12.3,6,NA,11.4,6,NA,10.1,6,NA,2004-05-14 08:06:00,66
2004-05-01 09:00:00,DCNN,6366,DLY3208,1,968,1011,NA,NA,NA,NA,NA,NA,NA,NA,NA,11.8,6,NA,11.4,6,NA,10.4,6,NA,2004-06-15 15:41:00,28
2004-05-02 09:00:00,DCNN,6366,DLY3208,1,968,1011,NA,NA,NA,NA,NA,NA,NA,NA,NA,12.4,6,NA,11.5,6,NA,10.4,6,NA,2004-06-15 15:41:00,28
2004-05-03 09:00:00,DCNN,6366,DLY3208,1,968,1011,NA,NA,NA,NA,NA,NA,NA,NA,NA,12.1,6,NA,11.6,6,NA,10.7,6,NA,2004-06-15 15:41:00,28
2004-05-04 09:00:00,DCNN,6366,DLY3208,1,968,1011,NA,NA,NA,NA,NA,NA,NA,NA,NA,12.2,6,NA,11.7,6,NA,10.9,6,NA,2004-06-15 15:41:00,28
2004-05-05 09:00:00,DCNN,6366,DLY3208,1,968,1011,NA,NA,NA,NA,NA,NA,NA,NA,NA,12.2,6,NA,11.7,6,NA,10.9,6,NA,2004-06-15 15:41:00,28
2004-05-06 09:00:00,DCNN,6366,DLY3208,1,968,1011,NA,NA,NA,NA,NA,NA,NA,NA,NA,11.7,6,NA,11.5,6,NA,10.7,6,NA,2004-06-15 15:41:00,28
2004-05-07 09:00:00,DCNN,6366,DLY3208,1,968,1011,NA,NA,NA,NA,NA,NA,NA,NA,NA,11.8,6,NA,11.6,6,NA,10.9,6,NA,2004-06-15 15:41:00,28
2004-05-08 09:00:00,DCNN,6366,DLY3208,1,968,1011,NA,NA,NA,NA,NA,NA,NA,NA,NA,12.7,6,NA,11.7,6,NA,10.9,6,NA,2004-06-15 15:41:00,28
2004-05-09 09:00:00,DCNN,6366,DLY3208,1,968,1011,NA,NA,NA,NA,NA,NA,NA,NA,NA,13,6,NA,11.9,6,NA,10.9,6,NA,2004-06-15 15:41:00,28
2004-05-10 09:00:00,DCNN,6366,DLY3208,1,968,1011,NA,NA,NA,NA,NA,NA,NA,NA,NA,13.6,6,NA,12.3,6,NA,11,6,NA,2004-06-15 15:41:00,28
2004-05-11 09:00:00,DCNN,6366,DLY3208,1,968,1011,NA,NA,NA,NA,NA,NA,NA,NA,NA,14.5,6,NA,12.6,6,NA,11.1,6,NA,2004-06-15 15:41:00,28
2004-05-12 09:00:00,DCNN,6366,DLY3208,1,968,1011,NA,NA,NA,NA,NA,NA,NA,NA,NA,14.3,6,NA,12.9,6,NA,11.3,6,NA,2004-06-15 15:41:00,28
2004-05-13 09:00:00,DCNN,6366,DLY3208,1,968,1011,NA,NA,NA,NA,NA,NA,NA,NA,NA,14.4,6,NA,13.2,6,NA,11.4,6,NA,2004-06-15 15:41:00,28
2004-05-14 09:00:00,DCNN,6366,DLY3208,1,968,1011,NA,NA,NA,NA,NA,NA,NA,NA,NA,14.4,6,NA,13.3,6,NA,11.6,6,NA,2004-06-15 15:41:00,28
2004-05-15 09:00:00,DCNN,6366,DLY3208,1,968,1011,NA,NA,NA,NA,NA,NA,NA,NA,NA,14.3,6,NA,13.2,6,NA,11.6,6,NA,2004-06-15 15:41:00,28
2004-05-16 09:00:00,DCNN,6366,DLY3208,1,968,1011,NA,NA,NA,NA,NA,NA,NA,NA,NA,14.3,6,NA,13.3,6,NA,11.9,6,NA,2004-06-15 15:41:00,28
2004-05-17 09:00:00,DCNN,6366,DLY3208,1,968,1011,NA,NA,NA,NA,NA,NA,NA,NA,NA,14.7,6,NA,13.4,6,NA,11.9,6,NA,2004-06-15 15:41:00,28
2004-05-18 09:00:00,DCNN,6366,DLY3208,1,968,1011,NA,NA,NA,NA,NA,NA,NA,NA,NA,14.4,6,NA,13.6,6,NA,12,6,NA,2004-06-15 15:41:00,28
2004-05-19 09:00:00,DCNN,6366,DLY3208,1,968,1011,NA,NA,NA,NA,NA,NA,NA,NA,NA,14.2,6,NA,13.5,6,NA,12,6,NA,2004-06-15 15:41:00,28
2004-05-20 09:00:00,DCNN,6366,DLY3208,1,968,1011,NA,NA,NA,NA,NA,NA,NA,NA,NA,14,6,NA,13.4,6,NA,12.1,6,NA,2004-06-15 15:41:00,28
2004-05-21 09:00:00,DCNN,6366,DLY3208,1,968,1011,NA,NA,NA,NA,NA,NA,NA,NA,NA,14.1,6,NA,13.5,6,NA,12.2,6,NA,2004-06-15 15:41:00,28
2004-05-22 09:00:00,DCNN,6366,DLY3208,1,968,1011,NA,NA,NA,NA,NA,NA,NA,NA,NA,13.6,6,NA,13.3,6,NA,12.2,6,NA,2004-06-15 15:41:00,29
2004-05-23 09:00:00,DCNN,6366,DLY3208,1,968,1011,NA,NA,NA,NA,NA,NA,NA,NA,NA,14.1,6,NA,13.3,6,NA,12.2,6,NA,2004-06-15 15:41:00,30
2004-05-24 09:00:00,DCNN,6366,DLY3208,1,968,1011,NA,NA,NA,NA,NA,NA,NA,NA,NA,14.4,6,NA,13.5,6,NA,12.2,6,NA,2004-06-15 15:41:00,30
2004-05-25 09:00:00,DCNN,6366,DLY3208,1,968,1011,NA,NA,NA,NA,NA,NA,NA,NA,NA,14.1,6,NA,13.5,6,NA,12.2,6,NA,2004-06-15 15:41:00,30
2004-05-26 09:00:00,DCNN,6366,DLY3208,1,968,1011,NA,NA,NA,NA,NA,NA,NA,NA,NA,13.8,6,NA,13.4,6,NA,12.3,6,NA,2004-06-15 15:41:00,30
2004-05-27 09:00:00,DCNN,6366,DLY3208,1,968,1011,NA,NA,NA,NA,NA,NA,NA,NA,NA,14,6,NA,13.6,6,NA,12.6,6,NA,2004-06-15 15:41:00,30
2004-05-28 09:00:00,DCNN,6366,DLY3208,1,968,1011,NA,NA,NA,NA,NA,NA,NA,NA,NA,14.5,6,NA,13.5,6,NA,12.3,6,NA,2004-06-15 15:41:00,30
2004-05-29 09:00:00,DCNN,6366,DLY3208,1,968,1011,NA,NA,NA,NA,NA,NA,NA,NA,NA,14.1,6,NA,13.6,6,NA,12.4,6,NA,2004-06-15 15:41:00,30
2004-05-30 09:00:00,DCNN,6366,DLY3208,1,968,1011,NA,NA,NA,NA,NA,NA,NA,NA,NA,13.9,6,NA,13.5,6,NA,12.5,6,NA,2004-06-15 15:41:00,31
2004-05-31 09:00:00,DCNN,6366,DLY3208,1,968,1011,NA,NA,NA,NA,NA,NA,NA,NA,NA,14.5,6,NA,13.7,6,NA,12.9,6,NA,2004-06-15 15:41:00,31
2004-06-01 09:00:00,DCNN,6366,DLY3208,1,968,1011,NA,NA,NA,NA,NA,NA,NA,NA,NA,14.8,6,NA,13.8,6,NA,13.5,6,NA,2004-07-13 16:11:00,1
2004-06-02 09:00:00,DCNN,6366,DLY3208,1,968,1011,NA,NA,NA,NA,NA,NA,NA,NA,NA,14.9,6,NA,14,6,NA,13.6,6,NA,2004-07-13 16:11:00,1
2004-06-03 09:00:00,DCNN,6366,DLY3208,1,968,1011,NA,NA,NA,NA,NA,NA,NA,NA,NA,15.4,6,NA,14,6,NA,13.6,6,NA,2004-07-13 16:11:00,1
2004-06-04 09:00:00,DCNN,6366,DLY3208,1,968,1011,NA,NA,NA,NA,NA,NA,NA,NA,NA,15.4,6,NA,14.3,6,NA,13,6,NA,2004-07-13 16:11:00,1
2004-06-05 09:00:00,DCNN,6366,DLY3208,1,968,1011,NA,NA,NA,NA,NA,NA,NA,NA,NA,15.2,6,NA,14.4,6,NA,13,6,NA,2004-07-13 16:11:00,1
2004-06-06 09:00:00,DCNN,6366,DLY3208,1,968,1011,NA,NA,NA,NA,NA,NA,NA,NA,NA,15.2,6,NA,14.5,6,NA,13.5,6,NA,2004-07-13 16:11:00,2
2004-06-07 09:00:00,DCNN,6366,DLY3208,1,968,1011,NA,NA,NA,NA,NA,NA,NA,NA,NA,16.3,6,NA,14.7,6,NA,13,6,NA,2004-07-13 16:11:00,2
2004-06-08 09:00:00,DCNN,6366,DLY3208,1,968,1011,NA,NA,NA,NA,NA,NA,NA,NA,NA,16.1,6,NA,14.8,6,NA,13.1,6,NA,2004-07-13 16:11:00,2
2004-06-09 09:00:00,DCNN,6366,DLY3208,1,968,1011,NA,NA,NA,NA,NA,NA,NA,NA,NA,16.1,6,NA,14.8,6,NA,13.2,6,NA,2004-07-13 16:11:00,2
2004-06-10 09:00:00,DCNN,6366,DLY3208,1,968,1011,NA,NA,NA,NA,NA,NA,NA,NA,NA,16.3,6,NA,15,6,NA,13.3,6,NA,2004-07-13 16:11:00,2
2004-06-11 09:00:00,DCNN,6366,DLY3208,1,968,1011,NA,NA,NA,NA,NA,NA,NA,NA,NA,16.4,6,NA,15.2,6,NA,13.4,6,NA,2004-07-13 16:11:00,2
2004-06-12 09:00:00,DCNN,6366,DLY3208,1,968,1011,NA,NA,NA,NA,NA,NA,NA,NA,NA,15.8,6,NA,15.1,6,NA,13.6,6,NA,2004-07-13 16:11:00,2
2004-06-13 09:00:00,DCNN,6366,DLY3208,1,968,1011,NA,NA,NA,NA,NA,NA,NA,NA,NA,16.2,6,NA,15.3,6,NA,13.6,6,NA,2004-07-13 16:11:00,2
2004-06-14 09:00:00,DCNN,6366,DLY3208,1,968,1011,NA,NA,NA,NA,NA,NA,NA,NA,NA,16.2,6,NA,15.2,6,NA,13.6,6,NA,2004-07-13 16:11:00,2
2004-06-15 09:00:00,DCNN,6366,DLY3208,1,968,1011,NA,NA,NA,NA,NA,NA,NA,NA,NA,16.1,6,NA,15.3,6,NA,14.1,6,NA,2004-07-13 16:11:00,2
2004-06-16 09:00:00,DCNN,6366,DLY3208,1,968,1011,NA,NA,NA,NA,NA,NA,NA,NA,NA,16.7,6,NA,15.4,6,NA,14,6,NA,2004-07-13 16:11:00,2
2004-06-17 09:00:00,DCNN,6366,DLY3208,1,968,1011,NA,NA,NA,NA,NA,NA,NA,NA,NA,16.4,6,NA,15.6,6,NA,14,6,NA,2004-07-13 16:11:00,2
2004-06-18 09:00:00,DCNN,6366,DLY3208,1,968,1011,NA,NA,NA,NA,NA,NA,NA,NA,NA,16.6,6,NA,15.6,6,NA,14.1,6,NA,2004-07-13 16:11:00,2
2004-06-19 09:00:00,DCNN,6366,DLY3208,1,968,1011,NA,NA,NA,NA,NA,NA,NA,NA,NA,16,6,NA,15.4,6,NA,13.9,6,NA,2004-07-13 16:11:00,2
2004-06-20 09:00:00,DCNN,6366,DLY3208,1,968,1011,NA,NA,NA,NA,NA,NA,NA,NA,NA,15.3,6,NA,15.3,6,NA,14.1,6,NA,2004-07-13 16:11:00,2
2004-06-21 09:00:00,DCNN,6366,DLY3208,1,968,1011,NA,NA,NA,NA,NA,NA,NA,NA,NA,15.5,6,NA,15.1,6,NA,14.3,6,NA,2004-07-13 16:11:00,2
2004-06-22 09:00:00,DCNN,6366,DLY3208,1,968,1011,NA,NA,NA,NA,NA,NA,NA,NA,NA,15.4,6,NA,15,6,NA,14.1,6,NA,2004-07-13 16:11:00,2
2004-06-23 09:00:00,DCNN,6366,DLY3208,1,968,1011,NA,NA,NA,NA,NA,NA,NA,NA,NA,15.8,6,NA,15.1,6,NA,14.1,6,NA,2004-07-13 16:11:00,2
2004-06-24 09:00:00,DCNN,6366,DLY3208,1,968,1011,NA,NA,NA,NA,NA,NA,NA,NA,NA,15.1,6,NA,14.9,6,NA,14.2,6,NA,2004-07-13 16:11:00,2
2004-06-25 09:00:00,DCNN,6366,DLY3208,1,968,1011,NA,NA,NA,NA,NA,NA,NA,NA,NA,14.6,6,NA,14.8,6,NA,14.2,6,NA,2004-07-13 16:11:00,2
2004-06-26 09:00:00,DCNN,6366,DLY3208,1,968,1011,NA,NA,NA,NA,NA,NA,NA,NA,NA,15.2,6,NA,14.7,6,NA,13.8,6,NA,2004-07-13 16:11:00,2
2004-06-27 09:00:00,DCNN,6366,DLY3208,1,968,1011,NA,NA,NA,NA,NA,NA,NA,NA,NA,14.8,6,NA,14.7,6,NA,14.2,6,NA,2004-07-13 16:11:00,2
2004-06-28 09:00:00,DCNN,6366,DLY3208,1,968,1011,NA,NA,NA,NA,NA,NA,NA,NA,NA,15.4,6,NA,14.9,6,NA,13.4,6,NA,2004-07-13 16:11:00,2
2004-06-29 09:00:00,DCNN,6366,DLY3208,1,968,1011,NA,NA,NA,NA,NA,NA,NA,NA,NA,16.1,6,NA,15.2,6,NA,14.1,6,NA,2004-07-13 16:11:00,2
2004-06-30 09:00:00,DCNN,6366,DLY3208,1,968,1011,NA,NA,NA,NA,NA,NA,NA,NA,NA,15.9,6,NA,15.3,6,NA,14.2,6,NA,2004-07-13 16:11:00,2
2004-07-01 09:00:00,DCNN,6366,DLY3208,1,968,1011,NA,NA,NA,NA,NA,NA,NA,NA,NA,15.7,6,NA,15.4,6,NA,14.5,6,NA,2004-08-18 07:27:00,10
2004-07-02 09:00:00,DCNN,6366,DLY3208,1,968,1011,NA,NA,NA,NA,NA,NA,NA,NA,NA,16.1,6,NA,15.5,6,NA,14.5,6,NA,2004-08-18 07:27:00,10
2004-07-03 09:00:00,DCNN,6366,DLY3208,1,968,1011,NA,NA,NA,NA,NA,NA,NA,NA,NA,15.9,6,NA,15.3,6,NA,14.5,6,NA,2004-08-18 07:27:00,10
2004-07-04 09:00:00,DCNN,6366,DLY3208,1,968,1011,NA,NA,NA,NA,NA,NA,NA,NA,NA,16.4,6,NA,15.6,6,NA,14.6,6,NA,2004-08-18 07:27:00,10
2004-07-05 09:00:00,DCNN,6366,DLY3208,1,968,1011,NA,NA,NA,NA,NA,NA,NA,NA,NA,16.4,6,NA,15.6,6,NA,14.5,6,NA,2004-08-18 07:27:00,10
2004-07-06 09:00:00,DCNN,6366,DLY3208,1,968,1011,NA,NA,NA,NA,NA,NA,NA,NA,NA,16.4,6,NA,15.6,6,NA,14.6,6,NA,2004-08-18 07:27:00,10
2004-07-07 09:00:00,DCNN,6366,DLY3208,1,968,1011,NA,NA,NA,NA,NA,NA,NA,NA,NA,16.3,6,NA,15.7,6,NA,14.1,6,NA,2004-08-18 07:27:00,10
2004-07-08 09:00:00,DCNN,6366,DLY3208,1,968,1011,NA,NA,NA,NA,NA,NA,NA,NA,NA,16.2,6,NA,15.6,6,NA,14.5,6,NA,2004-08-18 07:27:00,10
2004-07-09 09:00:00,DCNN,6366,DLY3208,1,968,1011,NA,NA,NA,NA,NA,NA,NA,NA,NA,15.8,6,NA,15.6,6,NA,14.6,6,NA,2004-08-18 07:27:00,10
2004-07-10 09:00:00,DCNN,6366,DLY3208,1,968,1011,NA,NA,NA,NA,NA,NA,NA,NA,NA,16.6,6,NA,15.7,6,NA,14.9,6,NA,2004-08-18 07:27:00,10
2004-07-11 09:00:00,DCNN,6366,DLY3208,1,968,1011,NA,NA,NA,NA,NA,NA,NA,NA,NA,16.4,6,NA,15.7,6,NA,14.9,6,NA,2004-08-18 07:27:00,10
2004-07-12 09:00:00,DCNN,6366,DLY3208,1,968,1011,NA,NA,NA,NA,NA,NA,NA,NA,NA,16.5,6,NA,15.9,6,NA,14.6,6,NA,2004-08-18 07:27:00,10
2004-07-13 09:00:00,DCNN,6366,DLY3208,1,968,1011,NA,NA,NA,NA,NA,NA,NA,NA,NA,16.6,6,NA,15.8,6,NA,14.6,6,NA,2004-08-18 07:27:00,10
2004-07-14 09:00:00,DCNN,6366,DLY3208,1,968,1011,NA,NA,NA,NA,NA,NA,NA,NA,NA,17,6,NA,16,6,NA,14.7,6,NA,2004-08-18 07:27:00,10
2004-07-15 09:00:00,DCNN,6366,DLY3208,1,968,1011,NA,NA,NA,NA,NA,NA,NA,NA,NA,17,6,NA,16.1,6,NA,14.6,6,NA,2004-08-18 07:27:00,10
2004-07-16 09:00:00,DCNN,6366,DLY3208,1,968,1011,NA,NA,NA,NA,NA,NA,NA,NA,NA,17.1,6,NA,16.3,6,NA,14.8,6,NA,2004-08-18 07:27:00,10
2004-07-17 09:00:00,DCNN,6366,DLY3208,1,968,1011,NA,NA,NA,NA,NA,NA,NA,NA,NA,17.2,6,NA,16.4,6,NA,14.9,6,NA,2004-08-18 07:27:00,10
2004-07-18 09:00:00,DCNN,6366,DLY3208,1,968,1011,NA,NA,NA,NA,NA,NA,NA,NA,NA,16.9,6,NA,16.4,6,NA,15,6,NA,2004-08-18 07:27:00,10
2004-07-19 09:00:00,DCNN,6366,DLY3208,1,968,1011,NA,NA,NA,NA,NA,NA,NA,NA,NA,17.1,6,NA,16.5,6,NA,15.1,6,NA,2004-08-18 07:27:00,10
2004-07-20 09:00:00,DCNN,6366,DLY3208,1,968,1011,NA,NA,NA,NA,NA,NA,NA,NA,NA,17.3,6,NA,16.3,6,NA,14.8,6,NA,2004-08-18 07:27:00,10
2004-07-21 09:00:00,DCNN,6366,DLY3208,1,968,1011,NA,NA,NA,NA,NA,NA,NA,NA,NA,17,6,NA,16.4,6,NA,15.1,6,NA,2004-08-18 07:27:00,11
2004-07-22 09:00:00,DCNN,6366,DLY3208,1,968,1011,NA,NA,NA,NA,NA,NA,NA,NA,NA,17.2,6,NA,16.4,6,NA,15.1,6,NA,2004-08-18 07:27:00,11
2004-07-23 09:00:00,DCNN,6366,DLY3208,1,968,1011,NA,NA,NA,NA,NA,NA,NA,NA,NA,17.4,6,NA,16.5,6,NA,15.1,6,NA,2004-08-18 07:27:00,11
2004-07-24 09:00:00,DCNN,6366,DLY3208,1,968,1011,NA,NA,NA,NA,NA,NA,NA,NA,NA,17.2,6,NA,16.4,6,NA,15.1,6,NA,2004-08-18 07:27:00,11
2004-07-25 09:00:00,DCNN,6366,DLY3208,1,968,1011,NA,NA,NA,NA,NA,NA,NA,NA,NA,17.4,6,NA,16.3,6,NA,15.1,6,NA,2004-08-18 07:27:00,11
2004-07-26 09:00:00,DCNN,6366,DLY3208,1,968,1011,NA,NA,NA,NA,NA,NA,NA,NA,NA,17,6,NA,16.3,6,NA,15.1,6,NA,2004-08-18 07:27:00,11
2004-07-27 09:00:00,DCNN,6366,DLY3208,1,968,1011,NA,NA,NA,NA,NA,NA,NA,NA,NA,16.9,6,NA,16.3,6,NA,15.1,6,NA,2004-08-18 07:27:00,11
2004-07-28 09:00:00,DCNN,6366,DLY3208,1,968,1011,NA,NA,NA,NA,NA,NA,NA,NA,NA,17.4,6,NA,16.4,6,NA,15.2,6,NA,2004-08-18 07:27:00,11
2004-07-29 09:00:00,DCNN,6366,DLY3208,1,968,1011,NA,NA,NA,NA,NA,NA,NA,NA,NA,17.6,6,NA,16.6,6,NA,15.3,6,NA,2004-08-18 07:27:00,11
2004-07-30 09:00:00,DCNN,6366,DLY3208,1,968,1011,NA,NA,NA,NA,NA,NA,NA,NA,NA,17.6,6,NA,16.7,6,NA,15.3,6,NA,2004-08-18 07:27:00,11
2004-07-31 09:00:00,DCNN,6366,DLY3208,1,968,1011,NA,NA,NA,NA,NA,NA,NA,NA,NA,17.9,6,NA,16.8,6,NA,15.3,6,NA,2004-08-18 07:27:00,11
2004-08-01 09:00:00,DCNN,6366,DLY3208,1,968,1011,NA,NA,NA,NA,NA,NA,NA,NA,NA,18,6,NA,17,6,NA,15.6,6,NA,2004-09-14 13:04:00,2
2004-08-02 09:00:00,DCNN,6366,DLY3208,1,968,1011,NA,NA,NA,NA,NA,NA,NA,NA,NA,18.1,6,NA,16.9,6,NA,15.4,6,NA,2004-09-14 13:04:00,2
2004-08-03 09:00:00,DCNN,6366,DLY3208,1,968,1011,NA,NA,NA,NA,NA,NA,NA,NA,NA,17.7,6,NA,16.9,6,NA,15.4,6,NA,2004-09-14 13:04:00,2
2004-08-04 09:00:00,DCNN,6366,DLY3208,1,968,1022,NA,NA,NA,NA,NA,NA,NA,NA,NA,18,6,NA,17,2006,NA,15.6,6,NA,2004-09-16 11:36:00,0
2004-08-05 09:00:00,DCNN,6366,DLY3208,1,968,1011,NA,NA,NA,NA,NA,NA,NA,NA,NA,18.1,6,NA,17.1,6,NA,15.7,6,NA,2004-09-14 13:04:00,2
2004-08-06 09:00:00,DCNN,6366,DLY3208,1,968,1011,NA,NA,NA,NA,NA,NA,NA,NA,NA,18.1,6,NA,17.2,6,NA,15.7,6,NA,2004-09-14 13:04:00,2
2004-08-07 09:00:00,DCNN,6366,DLY3208,1,968,1011,NA,NA,NA,NA,NA,NA,NA,NA,NA,17.9,6,NA,17.2,6,NA,15.7,6,NA,2004-09-14 13:04:00,2
2004-08-08 09:00:00,DCNN,6366,DLY3208,1,968,1011,NA,NA,NA,NA,NA,NA,NA,NA,NA,18.2,6,NA,17.3,6,NA,15.8,6,NA,2004-09-14 13:04:00,2
2004-08-09 09:00:00,DCNN,6366,DLY3208,1,968,1011,NA,NA,NA,NA,NA,NA,NA,NA,NA,18.7,6,NA,17.7,6,NA,15.8,6,NA,2004-09-14 13:04:00,2
2004-08-10 09:00:00,DCNN,6366,DLY3208,1,968,1011,NA,NA,NA,NA,NA,NA,NA,NA,NA,18.5,6,NA,17.6,6,NA,16.1,6,NA,2004-09-14 13:04:00,2
2004-08-11 09:00:00,DCNN,6366,DLY3208,1,968,1011,NA,NA,NA,NA,NA,NA,NA,NA,NA,18.1,6,NA,17.6,6,NA,16.2,6,NA,2004-09-14 13:04:00,2
2004-08-12 09:00:00,DCNN,6366,DLY3208,1,968,1011,NA,NA,NA,NA,NA,NA,NA,NA,NA,18,6,NA,17.6,6,NA,16.3,6,NA,2004-09-14 13:04:00,2
2004-08-13 09:00:00,DCNN,6366,DLY3208,1,968,1011,NA,NA,NA,NA,NA,NA,NA,NA,NA,17.8,6,NA,17.5,6,NA,16.4,6,NA,2004-09-14 13:04:00,2
2004-08-14 09:00:00,DCNN,6366,DLY3208,1,968,1011,NA,NA,NA,NA,NA,NA,NA,NA,NA,18.2,6,NA,17.5,6,NA,16.4,6,NA,2004-09-14 13:04:00,2
2004-08-15 09:00:00,DCNN,6366,DLY3208,1,968,1011,NA,NA,NA,NA,NA,NA,NA,NA,NA,18.5,6,NA,17.6,6,NA,16.4,6,NA,2004-09-14 13:04:00,2
2004-08-16 09:00:00,DCNN,6366,DLY3208,1,968,1011,NA,NA,NA,NA,NA,NA,NA,NA,NA,18.3,6,NA,17.5,6,NA,16.2,6,NA,2004-09-14 13:04:00,2
2004-08-17 09:00:00,DCNN,6366,DLY3208,1,968,1011,NA,NA,NA,NA,NA,NA,NA,NA,NA,18.5,6,NA,17.7,6,NA,16.4,6,NA,2004-09-14 13:04:00,2
2004-08-18 09:00:00,DCNN,6366,DLY3208,1,968,1011,NA,NA,NA,NA,NA,NA,NA,NA,NA,18.1,6,NA,17.7,6,NA,16.4,6,NA,2004-09-14 13:04:00,2
2004-08-19 09:00:00,DCNN,6366,DLY3208,1,968,1011,NA,NA,NA,NA,NA,NA,NA,NA,NA,17.8,6,NA,17.6,6,NA,16.5,6,NA,2004-09-14 13:04:00,2
2004-08-20 09:00:00,DCNN,6366,DLY3208,1,968,1011,NA,NA,NA,NA,NA,NA,NA,NA,NA,17.9,6,NA,17.4,6,NA,16.5,6,NA,2004-09-14 13:04:00,2
2004-08-21 09:00:00,DCNN,6366,DLY3208,1,968,1011,NA,NA,NA,NA,NA,NA,NA,NA,NA,17.4,6,NA,17.4,6,NA,16.5,6,NA,2004-09-14 13:04:00,2
2004-08-22 09:00:00,DCNN,6366,DLY3208,1,968,1011,NA,NA,NA,NA,NA,NA,NA,NA,NA,16.9,6,NA,17.3,6,NA,16.4,6,NA,2004-09-14 13:04:00,2
2004-08-23 09:00:00,DCNN,6366,DLY3208,1,968,1011,NA,NA,NA,NA,NA,NA,NA,NA,NA,16.8,6,NA,17.1,6,NA,16.2,6,NA,2004-09-14 13:04:00,2
2004-08-24 09:00:00,DCNN,6366,DLY3208,1,968,1011,NA,NA,NA,NA,NA,NA,NA,NA,NA,16.6,6,NA,16.9,6,NA,16.2,6,NA,2004-09-14 13:04:00,2
2004-08-25 09:00:00,DCNN,6366,DLY3208,1,968,1011,NA,NA,NA,NA,NA,NA,NA,NA,NA,16.7,6,NA,16.8,6,NA,16.2,6,NA,2004-09-14 13:04:00,2
2004-08-26 09:00:00,DCNN,6366,DLY3208,1,968,1011,NA,NA,NA,NA,NA,NA,NA,NA,NA,16.9,6,NA,16.8,6,NA,16.1,6,NA,2004-09-14 13:04:00,2
2004-08-27 09:00:00,DCNN,6366,DLY3208,1,968,1011,NA,NA,NA,NA,NA,NA,NA,NA,NA,16.4,6,NA,16.7,6,NA,16.1,6,NA,2004-09-14 13:04:00,2
2004-08-28 09:00:00,DCNN,6366,DLY3208,1,968,1011,NA,NA,NA,NA,NA,NA,NA,NA,NA,16.3,6,NA,16.6,6,NA,16,6,NA,2004-09-14 13:04:00,2
2004-08-29 09:00:00,DCNN,6366,DLY3208,1,968,1011,NA,NA,NA,NA,NA,NA,NA,NA,NA,16,6,NA,16.3,6,NA,15.8,6,NA,2004-09-14 13:04:00,2
2004-08-30 09:00:00,DCNN,6366,DLY3208,1,968,1011,NA,NA,NA,NA,NA,NA,NA,NA,NA,15.9,6,NA,16.2,6,NA,15.8,6,NA,2004-09-14 13:04:00,2
2004-08-31 09:00:00,DCNN,6366,DLY3208,1,968,1011,NA,NA,NA,NA,NA,NA,NA,NA,NA,15.9,6,NA,16.3,6,NA,15.8,6,NA,2004-09-14 13:04:00,2
2004-09-01 09:00:00,DCNN,6366,DLY3208,1,968,1011,NA,NA,NA,NA,NA,NA,NA,NA,NA,15.8,6,NA,16.2,6,NA,15.7,6,NA,2004-10-13 12:00:00,2
2004-09-02 09:00:00,DCNN,6366,DLY3208,1,968,1011,NA,NA,NA,NA,NA,NA,NA,NA,NA,15.9,6,NA,16,6,NA,15.6,6,NA,2004-10-13 12:00:00,2
2004-09-03 09:00:00,DCNN,6366,DLY3208,1,968,1011,NA,NA,NA,NA,NA,NA,NA,NA,NA,16,6,NA,16.1,6,NA,15.7,6,NA,2004-10-13 12:00:00,2
2004-09-04 09:00:00,DCNN,6366,DLY3208,1,968,1011,NA,NA,NA,NA,NA,NA,NA,NA,NA,16.2,6,NA,16.1,6,NA,15.7,6,NA,2004-10-13 12:00:00,2
2004-09-05 09:00:00,DCNN,6366,DLY3208,1,968,1011,NA,NA,NA,NA,NA,NA,NA,NA,NA,16.8,6,NA,16.2,6,NA,15.6,6,NA,2004-10-13 12:00:00,2
2004-09-06 09:00:00,DCNN,6366,DLY3208,1,968,1011,NA,NA,NA,NA,NA,NA,NA,NA,NA,16.9,6,NA,16.3,6,NA,15.6,6,NA,2004-10-13 12:00:00,2
2004-09-07 09:00:00,DCNN,6366,DLY3208,1,968,1011,NA,NA,NA,NA,NA,NA,NA,NA,NA,16.5,6,NA,16.5,6,NA,15.7,6,NA,2004-10-13 12:00:00,2
2004-09-08 09:00:00,DCNN,6366,DLY3208,1,968,1011,NA,NA,NA,NA,NA,NA,NA,NA,NA,16.2,6,NA,16.4,6,NA,15.7,6,NA,2004-10-13 12:00:00,2
2004-09-09 09:00:00,DCNN,6366,DLY3208,1,968,1011,NA,NA,NA,NA,NA,NA,NA,NA,NA,15.7,6,NA,16.1,6,NA,15.6,6,NA,2004-10-13 12:00:00,2
2004-09-10 09:00:00,DCNN,6366,DLY3208,1,968,1011,NA,NA,NA,NA,NA,NA,NA,NA,NA,15.5,6,NA,16.1,6,NA,15.6,6,NA,2004-10-13 12:00:00,2
2004-09-11 09:00:00,DCNN,6366,DLY3208,1,968,1011,NA,NA,NA,NA,NA,NA,NA,NA,NA,15.7,6,NA,16,6,NA,15.6,6,NA,2004-10-13 12:00:00,2
2004-09-12 09:00:00,DCNN,6366,DLY3208,1,968,1011,NA,NA,NA,NA,NA,NA,NA,NA,NA,15.6,6,NA,16,6,NA,15.6,6,NA,2004-10-13 12:00:00,2
2004-09-13 09:00:00,DCNN,6366,DLY3208,1,968,1011,NA,NA,NA,NA,NA,NA,NA,NA,NA,15.2,6,NA,15.7,6,NA,15.4,6,NA,2004-10-13 12:00:00,2
2004-09-14 09:00:00,DCNN,6366,DLY3208,1,968,1011,NA,NA,NA,NA,NA,NA,NA,NA,NA,14.8,6,NA,15.5,6,NA,15.5,6,NA,2004-10-13 12:00:00,2
2004-09-15 09:00:00,DCNN,6366,DLY3208,1,968,1011,NA,NA,NA,NA,NA,NA,NA,NA,NA,14.2,6,NA,15.3,6,NA,15.3,6,NA,2004-10-13 12:00:00,2
2004-09-16 09:00:00,DCNN,6366,DLY3208,1,968,1011,NA,NA,NA,NA,NA,NA,NA,NA,NA,13.9,6,NA,14.9,6,NA,15.1,6,NA,2004-10-13 12:00:00,2
2004-09-17 09:00:00,DCNN,6366,DLY3208,1,968,1011,NA,NA,NA,NA,NA,NA,NA,NA,NA,14.1,6,NA,14.8,6,NA,15.1,6,NA,2004-10-13 12:00:00,2
2004-09-18 09:00:00,DCNN,6366,DLY3208,1,968,1011,NA,NA,NA,NA,NA,NA,NA,NA,NA,14.1,6,NA,14.7,6,NA,14.9,6,NA,2004-10-13 12:00:00,2
2004-09-19 09:00:00,DCNN,6366,DLY3208,1,968,1011,NA,NA,NA,NA,NA,NA,NA,NA,NA,13.9,6,NA,14.7,6,NA,14.9,6,NA,2004-10-13 12:00:00,2
2004-09-20 09:00:00,DCNN,6366,DLY3208,1,968,1011,NA,NA,NA,NA,NA,NA,NA,NA,NA,13.8,6,NA,14.5,6,NA,14.8,6,NA,2004-10-13 12:00:00,2
2004-09-21 09:00:00,DCNN,6366,DLY3208,1,968,1011,NA,NA,NA,NA,NA,NA,NA,NA,NA,13.5,6,NA,14.4,6,NA,14.8,6,NA,2004-10-13 12:00:00,2
2004-09-22 09:00:00,DCNN,6366,DLY3208,1,968,1011,NA,NA,NA,NA,NA,NA,NA,NA,NA,13.2,6,NA,14.3,6,NA,14.7,6,NA,2004-10-13 12:00:00,2
2004-09-23 09:00:00,DCNN,6366,DLY3208,1,968,1011,NA,NA,NA,NA,NA,NA,NA,NA,NA,13.2,6,NA,14.1,6,NA,14.5,6,NA,2004-10-13 12:00:00,2
2004-09-24 09:00:00,DCNN,6366,DLY3208,1,968,1011,NA,NA,NA,NA,NA,NA,NA,NA,NA,12.9,6,NA,13.9,6,NA,14.5,6,NA,2004-10-13 12:00:00,2
2004-09-25 09:00:00,DCNN,6366,DLY3208,1,968,1011,NA,NA,NA,NA,NA,NA,NA,NA,NA,12.5,6,NA,13.6,6,NA,14.4,6,NA,2004-10-13 12:00:00,2
2004-09-26 09:00:00,DCNN,6366,DLY3208,1,968,1011,NA,NA,NA,NA,NA,NA,NA,NA,NA,13,6,NA,13.5,6,NA,14.4,6,NA,2004-10-13 12:00:00,2
2004-09-27 09:00:00,DCNN,6366,DLY3208,1,968,1011,NA,NA,NA,NA,NA,NA,NA,NA,NA,13.2,6,NA,13.7,6,NA,14.3,6,NA,2004-10-13 12:00:00,2
2004-09-28 09:00:00,DCNN,6366,DLY3208,1,968,1011,NA,NA,NA,NA,NA,NA,NA,NA,NA,13.5,6,NA,13.7,6,NA,14.1,6,NA,2004-10-13 12:00:00,2
2004-09-29 09:00:00,DCNN,6366,DLY3208,1,968,1011,NA,NA,NA,NA,NA,NA,NA,NA,NA,13.7,6,NA,13.8,6,NA,14,6,NA,2004-10-13 12:00:00,2
2004-09-30 09:00:00,DCNN,6366,DLY3208,1,968,1011,NA,NA,NA,NA,NA,NA,NA,NA,NA,13.6,6,NA,14,6,NA,14.3,6,NA,2004-10-13 12:00:00,2
2004-10-01 09:00:00,DCNN,6366,DLY3208,1,968,1011,NA,NA,NA,NA,NA,NA,NA,NA,NA,13.4,6,NA,13.9,6,NA,14,6,NA,2004-11-11 09:27:00,8
2004-10-02 09:00:00,DCNN,6366,DLY3208,1,968,1011,NA,NA,NA,NA,NA,NA,NA,NA,NA,13,6,NA,13.6,6,NA,14,6,NA,2004-11-11 09:27:00,8
2004-10-03 09:00:00,DCNN,6366,DLY3208,1,968,1011,NA,NA,NA,NA,NA,NA,NA,NA,NA,12.5,6,NA,13.5,6,NA,14,6,NA,2004-11-11 09:27:00,8
2004-10-04 09:00:00,DCNN,6366,DLY3208,1,968,1011,NA,NA,NA,NA,NA,NA,NA,NA,NA,11.9,6,NA,13,6,NA,13.7,6,NA,2004-11-11 09:27:00,8
2004-10-05 09:00:00,DCNN,6366,DLY3208,1,968,1011,NA,NA,NA,NA,NA,NA,NA,NA,NA,11.7,6,NA,12.8,6,NA,13.5,6,NA,2004-11-11 09:27:00,8
2004-10-06 09:00:00,DCNN,6366,DLY3208,1,968,1011,NA,NA,NA,NA,NA,NA,NA,NA,NA,11.4,6,NA,12.6,6,NA,13.5,6,NA,2004-11-11 09:27:00,8
2004-10-07 09:00:00,DCNN,6366,DLY3208,1,968,1011,NA,NA,NA,NA,NA,NA,NA,NA,NA,11.2,6,NA,12.3,6,NA,13.2,6,NA,2004-11-11 09:27:00,8
2004-10-08 09:00:00,DCNN,6366,DLY3208,1,968,1011,NA,NA,NA,NA,NA,NA,NA,NA,NA,10.9,6,NA,12.1,6,NA,13.1,6,NA,2004-11-11 09:27:00,8
2004-10-09 09:00:00,DCNN,6366,DLY3208,1,968,1011,NA,NA,NA,NA,NA,NA,NA,NA,NA,10.8,6,NA,11.9,6,NA,12.9,6,NA,2004-11-11 09:27:00,8
2004-10-10 09:00:00,DCNN,6366,DLY3208,1,968,1011,NA,NA,NA,NA,NA,NA,NA,NA,NA,10.4,6,NA,11.7,6,NA,13,6,NA,2004-11-11 09:27:00,8
2004-10-11 09:00:00,DCNN,6366,DLY3208,1,968,1011,NA,NA,NA,NA,NA,NA,NA,NA,NA,10.4,6,NA,11.6,6,NA,12.9,6,NA,2004-11-11 09:27:00,8
2004-10-12 09:00:00,DCNN,6366,DLY3208,1,968,1011,NA,NA,NA,NA,NA,NA,NA,NA,NA,9.9,6,NA,11.9,6,NA,12.7,6,NA,2004-11-11 09:27:00,8
2004-10-13 09:00:00,DCNN,6366,DLY3208,1,968,1011,NA,NA,NA,NA,NA,NA,NA,NA,NA,10.2,6,NA,11.4,6,NA,12.6,6,NA,2004-11-11 09:27:00,8
2004-10-14 09:00:00,DCNN,6366,DLY3208,1,968,1011,NA,NA,NA,NA,NA,NA,NA,NA,NA,10.3,6,NA,11.4,6,NA,12.5,6,NA,2004-11-11 09:27:00,8
2004-10-15 09:00:00,DCNN,6366,DLY3208,1,968,1011,NA,NA,NA,NA,NA,NA,NA,NA,NA,10.4,6,NA,11.4,6,NA,12.6,6,NA,2004-11-11 09:27:00,8
2004-10-16 09:00:00,DCNN,6366,DLY3208,1,968,1011,NA,NA,NA,NA,NA,NA,NA,NA,NA,10.4,6,NA,11.3,6,NA,12.6,6,NA,2004-11-11 09:27:00,8
2004-10-17 09:00:00,DCNN,6366,DLY3208,1,968,1011,NA,NA,NA,NA,NA,NA,NA,NA,NA,10.4,6,NA,11.4,6,NA,12.3,6,NA,2004-11-11 09:27:00,8
2004-10-18 09:00:00,DCNN,6366,DLY3208,1,968,1011,NA,NA,NA,NA,NA,NA,NA,NA,NA,10.2,6,NA,11.3,6,NA,12.3,6,NA,2004-11-11 09:27:00,8
2004-10-19 09:00:00,DCNN,6366,DLY3208,1,968,1011,NA,NA,NA,NA,NA,NA,NA,NA,NA,10,6,NA,11.2,6,NA,12.3,6,NA,2004-11-11 09:27:00,8
2004-10-20 09:00:00,DCNN,6366,DLY3208,1,968,1011,NA,NA,NA,NA,NA,NA,NA,NA,NA,9.3,6,NA,10.9,6,NA,11.6,6,NA,2004-11-11 09:27:00,8
2004-10-21 09:00:00,DCNN,6366,DLY3208,1,968,1011,NA,NA,NA,NA,NA,NA,NA,NA,NA,8.9,6,NA,10.4,6,NA,12,6,NA,2004-11-11 09:27:00,8
2004-10-22 09:00:00,DCNN,6366,DLY3208,1,968,1011,NA,NA,NA,NA,NA,NA,NA,NA,NA,8.9,6,NA,10.3,6,NA,11.5,6,NA,2004-11-11 09:27:00,8
2004-10-23 09:00:00,DCNN,6366,DLY3208,1,968,1011,NA,NA,NA,NA,NA,NA,NA,NA,NA,8.7,6,NA,10.2,6,NA,11.6,6,NA,2004-11-11 09:27:00,8
2004-10-24 09:00:00,DCNN,6366,DLY3208,1,968,1011,NA,NA,NA,NA,NA,NA,NA,NA,NA,8,6,NA,9.9,6,NA,11.5,6,NA,2004-11-11 09:27:00,8
2004-10-25 09:00:00,DCNN,6366,DLY3208,1,968,1011,NA,NA,NA,NA,NA,NA,NA,NA,NA,8.8,6,NA,9.6,6,NA,11.3,6,NA,2004-11-11 09:27:00,8
2004-10-26 09:00:00,DCNN,6366,DLY3208,1,968,1011,NA,NA,NA,NA,NA,NA,NA,NA,NA,9,6,NA,9.8,6,NA,11.1,6,NA,2004-11-11 09:27:00,8
2004-10-27 09:00:00,DCNN,6366,DLY3208,1,968,1011,NA,NA,NA,NA,NA,NA,NA,NA,NA,8.8,6,NA,9.9,6,NA,10.2,6,NA,2004-11-11 09:27:00,8
2004-10-28 09:00:00,DCNN,6366,DLY3208,1,968,1011,NA,NA,NA,NA,NA,NA,NA,NA,NA,8.9,6,NA,10,6,NA,11.2,6,NA,2004-11-11 09:27:00,8
2004-10-29 09:00:00,DCNN,6366,DLY3208,1,968,1011,NA,NA,NA,NA,NA,NA,NA,NA,NA,9.3,6,NA,9.9,6,NA,11.1,6,NA,2004-11-11 09:27:00,8
2004-10-30 09:00:00,DCNN,6366,DLY3208,1,968,1011,NA,NA,NA,NA,NA,NA,NA,NA,NA,9.8,6,NA,10.1,6,NA,11.2,6,NA,2004-11-11 09:27:00,8
2004-10-31 09:00:00,DCNN,6366,DLY3208,1,968,1011,NA,NA,NA,NA,NA,NA,NA,NA,NA,9.8,6,NA,10.3,6,NA,11.2,6,NA,2004-11-11 09:27:00,8
2004-11-01 09:00:00,DCNN,6366,DLY3208,1,968,1011,NA,NA,NA,NA,NA,NA,NA,NA,NA,9.9,6,NA,10.4,6,NA,11.2,6,NA,2004-12-15 12:07:00,13
2004-11-02 09:00:00,DCNN,6366,DLY3208,1,968,1011,NA,NA,NA,NA,NA,NA,NA,NA,NA,9.8,6,NA,10.4,6,NA,11.2,6,NA,2004-12-15 12:07:00,13
2004-11-03 09:00:00,DCNN,6366,DLY3208,1,968,1011,NA,NA,NA,NA,NA,NA,NA,NA,NA,9.8,6,NA,10.4,6,NA,11.3,6,NA,2004-12-15 12:07:00,13
2004-11-04 09:00:00,DCNN,6366,DLY3208,1,968,1011,NA,NA,NA,NA,NA,NA,NA,NA,NA,9.7,6,NA,10.4,6,NA,11.3,6,NA,2004-12-15 12:07:00,13
2004-11-05 09:00:00,DCNN,6366,DLY3208,1,968,1011,NA,NA,NA,NA,NA,NA,NA,NA,NA,9.1,6,NA,10.3,6,NA,11.3,6,NA,2004-12-15 12:07:00,13
2004-11-06 09:00:00,DCNN,6366,DLY3208,1,968,1011,NA,NA,NA,NA,NA,NA,NA,NA,NA,9.3,6,NA,10.1,6,NA,11.3,6,NA,2004-12-15 12:07:00,13
2004-11-07 09:00:00,DCNN,6366,DLY3208,1,968,1011,NA,NA,NA,NA,NA,NA,NA,NA,NA,10,6,NA,10.3,6,NA,11.1,6,NA,2004-12-15 12:07:00,13
2004-11-08 09:00:00,DCNN,6366,DLY3208,1,968,1011,NA,NA,NA,NA,NA,NA,NA,NA,NA,10,6,NA,10.4,6,NA,11.1,6,NA,2004-12-15 12:07:00,13
2004-11-09 09:00:00,DCNN,6366,DLY3208,1,968,1011,NA,NA,NA,NA,NA,NA,NA,NA,NA,10,6,NA,10.5,6,NA,11.1,6,NA,2004-12-15 12:07:00,13
2004-11-10 09:00:00,DCNN,6366,DLY3208,1,968,1011,NA,NA,NA,NA,NA,NA,NA,NA,NA,9.3,6,NA,10.4,6,NA,11.1,6,NA,2004-12-15 12:07:00,13
2004-11-11 09:00:00,DCNN,6366,DLY3208,1,968,1011,NA,NA,NA,NA,NA,NA,NA,NA,NA,8.7,6,NA,10.1,6,NA,11.2,6,NA,2004-12-15 12:07:00,13
2004-11-12 09:00:00,DCNN,6366,DLY3208,1,968,1011,NA,NA,NA,NA,NA,NA,NA,NA,NA,9.5,6,NA,10.1,6,NA,11.1,6,NA,2004-12-15 12:07:00,13
2004-11-13 09:00:00,DCNN,6366,DLY3208,1,968,1011,NA,NA,NA,NA,NA,NA,NA,NA,NA,8.6,6,NA,10,6,NA,11,6,NA,2004-12-15 12:07:00,13
2004-11-14 09:00:00,DCNN,6366,DLY3208,1,968,1011,NA,NA,NA,NA,NA,NA,NA,NA,NA,7.9,6,NA,9.7,6,NA,11,6,NA,2004-12-15 12:07:00,13
2004-11-15 09:00:00,DCNN,6366,DLY3208,1,968,1011,NA,NA,NA,NA,NA,NA,NA,NA,NA,8.5,6,NA,9.5,6,NA,10.8,6,NA,2004-12-15 12:07:00,13
2004-11-16 09:00:00,DCNN,6366,DLY3208,1,968,1011,NA,NA,NA,NA,NA,NA,NA,NA,NA,9.1,6,NA,9.7,6,NA,10.8,6,NA,2004-12-15 12:07:00,13
2004-11-17 09:00:00,DCNN,6366,DLY3208,1,968,1011,NA,NA,NA,NA,NA,NA,NA,NA,NA,9.3,6,NA,9.7,6,NA,10.8,6,NA,2004-12-15 12:07:00,13
2004-11-18 09:00:00,DCNN,6366,DLY3208,1,968,1011,NA,NA,NA,NA,NA,NA,NA,NA,NA,8.8,6,NA,9.8,6,NA,10.6,6,NA,2004-12-15 12:07:00,13
2004-11-19 09:00:00,DCNN,6366,DLY3208,1,968,1011,NA,NA,NA,NA,NA,NA,NA,NA,NA,7.9,6,NA,9,6,NA,10.3,6,NA,2004-12-15 12:07:00,13
2004-11-20 09:00:00,DCNN,6366,DLY3208,1,968,1011,NA,NA,NA,NA,NA,NA,NA,NA,NA,6.3,6,NA,9,6,NA,10.6,6,NA,2004-12-15 12:07:00,13
2004-11-21 09:00:00,DCNN,6366,DLY3208,1,968,1011,NA,NA,NA,NA,NA,NA,NA,NA,NA,5.2,6,NA,8.2,6,NA,10.3,6,NA,2004-12-15 12:07:00,13
2004-11-22 09:00:00,DCNN,6366,DLY3208,1,968,1011,NA,NA,NA,NA,NA,NA,NA,NA,NA,6.1,6,NA,7.8,6,NA,10,6,NA,2004-12-15 12:07:00,13
2004-11-23 09:00:00,DCNN,6366,DLY3208,1,968,1011,NA,NA,NA,NA,NA,NA,NA,NA,NA,7,6,NA,7.9,6,NA,9.6,6,NA,2004-12-15 12:07:00,13
2004-11-24 09:00:00,DCNN,6366,DLY3208,1,968,1011,NA,NA,NA,NA,NA,NA,NA,NA,NA,7.8,6,NA,8.3,6,NA,9.7,6,NA,2004-12-15 12:07:00,13
2004-11-25 09:00:00,DCNN,6366,DLY3208,1,968,1011,NA,NA,NA,NA,NA,NA,NA,NA,NA,8.2,6,NA,8.5,6,NA,9.6,6,NA,2004-12-15 12:07:00,13
2004-11-26 09:00:00,DCNN,6366,DLY3208,1,968,1011,NA,NA,NA,NA,NA,NA,NA,NA,NA,8.5,6,NA,8.8,6,NA,9.7,6,NA,2004-12-15 12:07:00,13
2004-11-27 09:00:00,DCNN,6366,DLY3208,1,968,1011,NA,NA,NA,NA,NA,NA,NA,NA,NA,8.1,6,NA,9,6,NA,9.8,6,NA,2004-12-15 12:07:00,13
2004-11-28 09:00:00,DCNN,6366,DLY3208,1,968,1011,NA,NA,NA,NA,NA,NA,NA,NA,NA,7.6,6,NA,8.8,6,NA,10,6,NA,2004-12-15 12:07:00,13
2004-11-29 09:00:00,DCNN,6366,DLY3208,1,968,1011,NA,NA,NA,NA,NA,NA,NA,NA,NA,6.5,6,NA,8,6,NA,9.7,6,NA,2004-12-15 12:07:00,13
2004-11-30 09:00:00,DCNN,6366,DLY3208,1,968,1011,NA,NA,NA,NA,NA,NA,NA,NA,NA,6.5,6,NA,8.1,6,NA,9.8,6,NA,2004-12-15 12:07:00,13
2004-12-01 09:00:00,DCNN,6366,DLY3208,1,968,1011,NA,NA,NA,NA,NA,NA,NA,NA,NA,6.8,6,NA,7.9,6,NA,9.5,6,NA,2005-01-12 08:07:00,3
2004-12-02 09:00:00,DCNN,6366,DLY3208,1,968,1011,NA,NA,NA,NA,NA,NA,NA,NA,NA,6.6,6,NA,8,6,NA,9.5,6,NA,2005-01-12 08:07:00,3
2004-12-03 09:00:00,DCNN,6366,DLY3208,1,968,1011,NA,NA,NA,NA,NA,NA,NA,NA,NA,6.3,6,NA,7.8,6,NA,9.5,6,NA,2005-01-12 08:07:00,3
2004-12-04 09:00:00,DCNN,6366,DLY3208,1,968,1011,NA,NA,NA,NA,NA,NA,NA,NA,NA,7,6,NA,7.8,6,NA,9.4,6,NA,2005-01-12 08:07:00,3
2004-12-05 09:00:00,DCNN,6366,DLY3208,1,968,1011,NA,NA,NA,NA,NA,NA,NA,NA,NA,7.4,6,NA,8,6,NA,9.4,6,NA,2005-01-12 08:07:00,3
2004-12-06 09:00:00,DCNN,6366,DLY3208,1,968,1011,NA,NA,NA,NA,NA,NA,NA,NA,NA,7.7,6,NA,8.1,6,NA,9.3,6,NA,2005-01-12 08:07:00,3
2004-12-07 09:00:00,DCNN,6366,DLY3208,1,968,1011,NA,NA,NA,NA,NA,NA,NA,NA,NA,7.6,6,NA,8.3,6,NA,9.2,6,NA,2005-01-12 08:07:00,3
2004-12-08 09:00:00,DCNN,6366,DLY3208,1,968,1011,NA,NA,NA,NA,NA,NA,NA,NA,NA,7.1,6,NA,8.3,6,NA,9.3,6,NA,2005-01-12 08:07:00,3
2004-12-09 09:00:00,DCNN,6366,DLY3208,1,968,1011,NA,NA,NA,NA,NA,NA,NA,NA,NA,7.6,6,NA,8.1,6,NA,9.4,6,NA,2005-01-12 08:07:00,3
2004-12-10 09:00:00,DCNN,6366,DLY3208,1,968,1011,NA,NA,NA,NA,NA,NA,NA,NA,NA,7.8,6,NA,8.3,6,NA,9.2,6,NA,2005-01-12 08:07:00,3
2004-12-11 09:00:00,DCNN,6366,DLY3208,1,968,1011,NA,NA,NA,NA,NA,NA,NA,NA,NA,7.4,6,NA,8.4,6,NA,9.3,6,NA,2005-01-12 08:07:00,3
2004-12-12 09:00:00,DCNN,6366,DLY3208,1,968,1011,NA,NA,NA,NA,NA,NA,NA,NA,NA,7.5,6,NA,8.4,6,NA,9.3,6,NA,2005-01-12 08:07:00,3
2004-12-13 09:00:00,DCNN,6366,DLY3208,1,968,1011,NA,NA,NA,NA,NA,NA,NA,NA,NA,7.5,6,NA,8.3,6,NA,9.3,6,NA,2005-01-12 08:07:00,3
2004-12-14 09:00:00,DCNN,6366,DLY3208,1,968,1011,NA,NA,NA,NA,NA,NA,NA,NA,NA,7.7,6,NA,8.3,6,NA,9.3,6,NA,2005-01-12 08:07:00,3
2004-12-15 09:00:00,DCNN,6366,DLY3208,1,968,1011,NA,NA,NA,NA,NA,NA,NA,NA,NA,7.4,6,NA,8.4,6,NA,9.3,6,NA,2005-01-12 08:07:00,3
2004-12-16 09:00:00,DCNN,6366,DLY3208,1,968,1011,NA,NA,NA,NA,NA,NA,NA,NA,NA,7.6,6,NA,8.4,6,NA,9.2,6,NA,2005-01-12 08:07:00,3
2004-12-17 09:00:00,DCNN,6366,DLY3208,1,968,1011,NA,NA,NA,NA,NA,NA,NA,NA,NA,7.1,6,NA,8.2,6,NA,9.2,6,NA,2005-01-12 08:07:00,3
2004-12-18 09:00:00,DCNN,6366,DLY3208,1,968,1011,NA,NA,NA,NA,NA,NA,NA,NA,NA,6,6,NA,7.8,6,NA,9.1,6,NA,2005-01-12 08:07:00,3
2004-12-19 09:00:00,DCNN,6366,DLY3208,1,968,1011,NA,NA,NA,NA,NA,NA,NA,NA,NA,4.9,6,NA,7.3,6,NA,9,6,NA,2005-01-12 08:07:00,3
2004-12-20 09:00:00,DCNN,6366,DLY3208,1,968,1011,NA,NA,NA,NA,NA,NA,NA,NA,NA,3.8,6,NA,6.6,6,NA,8.9,6,NA,2005-01-12 08:07:00,3
2004-12-21 09:00:00,DCNN,6366,DLY3208,1,968,1011,NA,NA,NA,NA,NA,NA,NA,NA,NA,3.6,6,NA,6.1,6,NA,8.6,6,NA,2005-01-12 08:07:00,3
2004-12-22 09:00:00,DCNN,6366,DLY3208,1,968,1011,NA,NA,NA,NA,NA,NA,NA,NA,NA,4.4,6,NA,6.1,6,NA,8.6,6,NA,2005-01-12 08:07:00,3
2004-12-23 09:00:00,DCNN,6366,DLY3208,1,968,1011,NA,NA,NA,NA,NA,NA,NA,NA,NA,5.8,6,NA,6.2,6,NA,8.1,6,NA,2005-01-12 08:07:00,3
2004-12-24 09:00:00,DCNN,6366,DLY3208,1,968,1011,NA,NA,NA,NA,NA,NA,NA,NA,NA,6.2,6,NA,7.6,6,NA,8,6,NA,2005-01-12 08:07:00,3
2004-12-25 09:00:00,DCNN,6366,DLY3208,1,968,1011,NA,NA,NA,NA,NA,NA,NA,NA,NA,5.2,6,NA,6.6,6,NA,8.1,6,NA,2005-01-12 08:07:00,3
2004-12-26 09:00:00,DCNN,6366,DLY3208,1,968,1011,NA,NA,NA,NA,NA,NA,NA,NA,NA,4.1,6,NA,6.2,6,NA,8,6,NA,2005-01-12 08:07:00,3
2004-12-27 09:00:00,DCNN,6366,DLY3208,1,968,1011,NA,NA,NA,NA,NA,NA,NA,NA,NA,3.7,6,NA,5.8,6,NA,8,6,NA,2005-01-12 08:07:00,3
2004-12-28 09:00:00,DCNN,6366,DLY3208,1,968,1011,NA,NA,NA,NA,NA,NA,NA,NA,NA,4.4,6,NA,5.7,6,NA,7.9,6,NA,2005-01-12 08:07:00,3
2004-12-29 09:00:00,DCNN,6366,DLY3208,1,968,1011,NA,NA,NA,NA,NA,NA,NA,NA,NA,3.9,6,NA,5.6,6,NA,7.6,6,NA,2005-01-12 08:07:00,3
2004-12-30 09:00:00,DCNN,6366,DLY3208,1,968,1011,NA,NA,NA,NA,NA,NA,NA,NA,NA,5.6,6,NA,5.8,6,NA,7.6,6,NA,2005-01-12 08:07:00,3
2004-12-31 09:00:00,DCNN,6366,DLY3208,1,968,1011,NA,NA,NA,NA,NA,NA,NA,NA,NA,6.1,6,NA,6.3,6,NA,7.4,6,NA,2005-01-12 08:07:00,3
end data
