<?xml version="1.0"?>
<!--<!DOCTYPE metadata SYSTEM "http://www.esri.com/metadata/esriprof80.dtd">-->
<metadata xml:lang="en"><Esri><CreaDate>20041217</CreaDate><CreaTime>09171000</CreaTime><SyncOnce>TRUE</SyncOnce><DataProperties><lineage><Process Name="DefineProjection_1" ToolSource="C:\Program Files\ArcGIS\ArcToolbox\Toolboxes\Data Management Tools.tbx\DefineProjection" Date="20041214" Time="113911">DefineProjection D:\AMC\coalfield_polygon\CLFLD_PG_closed.shp PROJCS['British_National_Grid',GEOGCS['GCS_OSGB_1936',DATUM['D_OSGB_1936',SPHEROID['Airy_1830',6377563.396,299.3249646]],PRIMEM['Greenwich',0.0],UNIT['Degree',0.0174532925199433]],PROJECTION['Transverse_Mercator'],PARAMETER['False_Easting',400000.0],PARAMETER['False_Northing',-100000.0],PARAMETER['Central_Meridian',-2.0],PARAMETER['Scale_Factor',0.999601272],PARAMETER['Latitude_Of_Origin',49.0],UNIT['Meter',1.0]] D:\AMC\coalfield_polygon\CLFLD_PG_closed.shp</Process></lineage></DataProperties><MetaID>{452920BB-F81B-4E06-9B2E-F78B6649B5BE}</MetaID></Esri><idinfo><citation><citeinfo><onlink Sync="TRUE">\\MA00XP-ST2\D$\amc\coalfield_polygon\coalfield</onlink></citeinfo></citation></idinfo><distInfo><distributor><distorTran><onLineSrc><linkage Sync="TRUE">file://\\MA00XP-ST2\D$\amc\coalfield_polygon\coalfield</linkage><protocol Sync="TRUE">Local Area Network</protocol></onLineSrc></distorTran></distributor></distInfo><dataqual><lineage><procstep><procdesc Sync="TRUE">Dataset moved.</procdesc><srcused Sync="TRUE">D:\AMC\coalfield_polygon\CLFLD_PG_closed</srcused><date Sync="TRUE">20041203</date><time Sync="TRUE">13074900</time></procstep><procstep><procdesc Sync="TRUE">Dataset copied.</procdesc><srcused Sync="TRUE"></srcused><date Sync="TRUE">20041217</date><time Sync="TRUE">09121900</time></procstep><procstep><procdesc Sync="TRUE">Dataset copied.</procdesc><srcused Sync="TRUE">D:\add_point_csv\coalfield_butchered\coalfield</srcused><date Sync="TRUE">20041217</date><time Sync="TRUE">09171000</time></procstep></lineage></dataqual></metadata>
