<?xml version="1.0"?>
<metadata xml:lang="en"><Esri><CreaDate>20170830</CreaDate><CreaTime>12305800</CreaTime><ArcGISFormat>1.0</ArcGISFormat><ArcGISstyle>INSPIRE Metadata Directive</ArcGISstyle><SyncOnce>TRUE</SyncOnce><DataProperties><lineage><Process ToolSource="C:\ArcGIS\Desktop10.0\ArcToolbox\Toolboxes\Data Management Tools.tbx\CreateFeatureclass" Date="20130310" Time="101835">CreateFeatureclass C:\\Users\sysadmin\\AppData\\Roaming\\ESRI\\Desktop10.0\\ArcCatalog\\GEOBUS@CP-DB01-1@GISLOADER@DirectConnect@Default.sde\INFERIS_NON_VERSIONED MONITORING_POINTS POINT # DISABLED DISABLED "PROJCS['British_National_Grid',GEOGCS['GCS_OSGB_1936',DATUM['D_OSGB_1936',SPHEROID['Airy_1830',6377563.396,299.3249646]],PRIMEM['Greenwich',0.0],UNIT['Degree',0.0174532925199433]],PROJECTION['Transverse_Mercator'],PARAMETER['False_Easting',400000.0],PARAMETER['False_Northing',-100000.0],PARAMETER['Central_Meridian',-2.0],PARAMETER['Scale_Factor',0.9996012717],PARAMETER['Latitude_Of_Origin',49.0],UNIT['Meter',1.0]];-5220400 -15524400 10000;-100000 10000;-100000 10000;0.001;0.001;0.001;IsHighPrecision" # 0 0 0</Process><Process ToolSource="C:\ArcGIS\Desktop10.0\ArcToolbox\Toolboxes\Data Management Tools.tbx\AddField" Date="20130310" Time="101836">AddField C:\\Users\sysadmin\\AppData\\Roaming\\ESRI\\Desktop10.0\\ArcCatalog\\GEOBUS@CP-DB01-1@GISLOADER@DirectConnect@Default.sde\MONITORING_POINTS GLOBALID GUID # # 50 GLOBALID NULLABLE NON_REQUIRED #</Process><Process ToolSource="C:\ArcGIS\Desktop10.0\ArcToolbox\Toolboxes\Data Management Tools.tbx\AddField" Date="20130310" Time="101836">AddField C:\\Users\sysadmin\\AppData\\Roaming\\ESRI\\Desktop10.0\\ArcCatalog\\GEOBUS@CP-DB01-1@GISLOADER@DirectConnect@Default.sde\MONITORING_POINTS HASINFERIS TEXT # # 80 HASINFERIS NULLABLE NON_REQUIRED DOMAIN_BOOLEAN</Process><Process ToolSource="C:\ArcGIS\Desktop10.0\ArcToolbox\Toolboxes\Data Management Tools.tbx\AddField" Date="20130310" Time="101837">AddField C:\\Users\sysadmin\\AppData\\Roaming\\ESRI\\Desktop10.0\\ArcCatalog\\GEOBUS@CP-DB01-1@GISLOADER@DirectConnect@Default.sde\MONITORING_POINTS FEATURE_REFERENCE TEXT # # 80 FEATURE_REFERENCE NULLABLE NON_REQUIRED #</Process><Process ToolSource="C:\ArcGIS\Desktop10.0\ArcToolbox\Toolboxes\Data Management Tools.tbx\AddField" Date="20130310" Time="101838">AddField C:\\Users\sysadmin\\AppData\\Roaming\\ESRI\\Desktop10.0\\ArcCatalog\\GEOBUS@CP-DB01-1@GISLOADER@DirectConnect@Default.sde\MONITORING_POINTS SITE_TITLE TEXT # # 250 SITE_TITLE NULLABLE NON_REQUIRED #</Process><Process ToolSource="C:\ArcGIS\Desktop10.0\ArcToolbox\Toolboxes\Data Management Tools.tbx\AddField" Date="20130310" Time="101838">AddField C:\\Users\sysadmin\\AppData\\Roaming\\ESRI\\Desktop10.0\\ArcCatalog\\GEOBUS@CP-DB01-1@GISLOADER@DirectConnect@Default.sde\MONITORING_POINTS WATER_GAS_REGIME TEXT # # 100 WATER_GAS_REGIME NULLABLE NON_REQUIRED #</Process><Process ToolSource="C:\ArcGIS\Desktop10.0\ArcToolbox\Toolboxes\Data Management Tools.tbx\AddField" Date="20130310" Time="101839">AddField C:\\Users\sysadmin\\AppData\\Roaming\\ESRI\\Desktop10.0\\ArcCatalog\\GEOBUS@CP-DB01-1@GISLOADER@DirectConnect@Default.sde\MONITORING_POINTS REGION TEXT # # 50 REGION NULLABLE NON_REQUIRED #</Process><Process ToolSource="C:\ArcGIS\Desktop10.0\ArcToolbox\Toolboxes\Data Management Tools.tbx\AddField" Date="20130310" Time="101840">AddField C:\\Users\sysadmin\\AppData\\Roaming\\ESRI\\Desktop10.0\\ArcCatalog\\GEOBUS@CP-DB01-1@GISLOADER@DirectConnect@Default.sde\MONITORING_POINTS PRIMARY_PURPOSE TEXT # # 50 PRIMARY_PURPOSE NULLABLE NON_REQUIRED #</Process><Process ToolSource="C:\ArcGIS\Desktop10.0\ArcToolbox\Toolboxes\Data Management Tools.tbx\AddField" Date="20130310" Time="101840">AddField C:\\Users\sysadmin\\AppData\\Roaming\\ESRI\\Desktop10.0\\ArcCatalog\\GEOBUS@CP-DB01-1@GISLOADER@DirectConnect@Default.sde\MONITORING_POINTS CONTRACTOR TEXT # # 50 CONTRACTOR NULLABLE NON_REQUIRED #</Process><Process ToolSource="C:\ArcGIS\Desktop10.0\ArcToolbox\Toolboxes\Data Management Tools.tbx\AddField" Date="20130310" Time="101841">AddField C:\\Users\sysadmin\\AppData\\Roaming\\ESRI\\Desktop10.0\\ArcCatalog\\GEOBUS@CP-DB01-1@GISLOADER@DirectConnect@Default.sde\MONITORING_POINTS ACTIVE_MONITORING SHORT # # 80 ACTIVE_MONITORING NULLABLE NON_REQUIRED #</Process><Process ToolSource="C:\ArcGIS\Desktop10.0\ArcToolbox\Toolboxes\Data Management Tools.tbx\AddIndex" Date="20130310" Time="111919">AddIndex C:\\Users\sysadmin\\AppData\\Roaming\\ESRI\\Desktop10.0\\ArcCatalog\\GEOBUS@CP-DB01-1@GISLOADER@DirectConnect@Default.sde\MONITORING_POINTS FEATURE_REFERENCE MONP_REF_IDX NON_UNIQUE ASCENDING</Process><Process ToolSource="C:\ArcGIS\Desktop10.0\ArcToolbox\Toolboxes\Data Management Tools.tbx\DeleteField" Date="20130311" Time="082922">DeleteField C:\\Users\sysadmin\\AppData\\Roaming\\ESRI\\Desktop10.0\\ArcCatalog\\GEOBUS@CP-DB01-1@GISLOADER@DirectConnect@Default.sde\MONITORING_POINTS CONTRACTOR</Process></lineage></DataProperties></Esri></metadata>
