<?xml version="1.0"?>
<metadata xml:lang="en"><Esri><CreaDate>20200110</CreaDate><CreaTime>14054400</CreaTime><ArcGISFormat>1.0</ArcGISFormat><ArcGISstyle>INSPIRE Metadata Directive</ArcGISstyle><SyncOnce>TRUE</SyncOnce><DataProperties><lineage><Process ToolSource="C:\ArcGIS\Desktop10.0\ArcToolbox\Toolboxes\Data Management Tools.tbx\CreateFeatureclass" Date="20130310" Time="101824">CreateFeatureclass C:\\Users\sysadmin\\AppData\\Roaming\\ESRI\\Desktop10.0\\ArcCatalog\\GEOBUS@CP-DB01-1@GISLOADER@DirectConnect@Default.sde\INFERIS_NON_VERSIONED DISCHARGE_POINTS POINT # DISABLED DISABLED "PROJCS['British_National_Grid',GEOGCS['GCS_OSGB_1936',DATUM['D_OSGB_1936',SPHEROID['Airy_1830',6377563.396,299.3249646]],PRIMEM['Greenwich',0.0],UNIT['Degree',0.0174532925199433]],PROJECTION['Transverse_Mercator'],PARAMETER['False_Easting',400000.0],PARAMETER['False_Northing',-100000.0],PARAMETER['Central_Meridian',-2.0],PARAMETER['Scale_Factor',0.9996012717],PARAMETER['Latitude_Of_Origin',49.0],UNIT['Meter',1.0]];-5220400 -15524400 10000;-100000 10000;-100000 10000;0.001;0.001;0.001;IsHighPrecision" # 0 0 0</Process><Process ToolSource="C:\ArcGIS\Desktop10.0\ArcToolbox\Toolboxes\Data Management Tools.tbx\AddField" Date="20130310" Time="101824">AddField C:\\Users\sysadmin\\AppData\\Roaming\\ESRI\\Desktop10.0\\ArcCatalog\\GEOBUS@CP-DB01-1@GISLOADER@DirectConnect@Default.sde\DISCHARGE_POINTS GLOBALID GUID # # 50 GLOBALID NULLABLE NON_REQUIRED #</Process><Process ToolSource="C:\ArcGIS\Desktop10.0\ArcToolbox\Toolboxes\Data Management Tools.tbx\AddField" Date="20130310" Time="101825">AddField C:\\Users\sysadmin\\AppData\\Roaming\\ESRI\\Desktop10.0\\ArcCatalog\\GEOBUS@CP-DB01-1@GISLOADER@DirectConnect@Default.sde\DISCHARGE_POINTS HASINFERIS TEXT # # 80 HASINFERIS NULLABLE NON_REQUIRED DOMAIN_BOOLEAN</Process><Process ToolSource="C:\ArcGIS\Desktop10.0\ArcToolbox\Toolboxes\Data Management Tools.tbx\AddField" Date="20130310" Time="101826">AddField C:\\Users\sysadmin\\AppData\\Roaming\\ESRI\\Desktop10.0\\ArcCatalog\\GEOBUS@CP-DB01-1@GISLOADER@DirectConnect@Default.sde\DISCHARGE_POINTS FEATURE_REFERENCE TEXT # # 80 FEATURE_REFERENCE NULLABLE NON_REQUIRED #</Process><Process ToolSource="C:\ArcGIS\Desktop10.0\ArcToolbox\Toolboxes\Data Management Tools.tbx\AddField" Date="20130310" Time="101827">AddField C:\\Users\sysadmin\\AppData\\Roaming\\ESRI\\Desktop10.0\\ArcCatalog\\GEOBUS@CP-DB01-1@GISLOADER@DirectConnect@Default.sde\DISCHARGE_POINTS SITE_NAME TEXT # # 250 SITE_NAME NULLABLE NON_REQUIRED #</Process><Process ToolSource="C:\ArcGIS\Desktop10.0\ArcToolbox\Toolboxes\Data Management Tools.tbx\AddField" Date="20130310" Time="101828">AddField C:\\Users\sysadmin\\AppData\\Roaming\\ESRI\\Desktop10.0\\ArcCatalog\\GEOBUS@CP-DB01-1@GISLOADER@DirectConnect@Default.sde\DISCHARGE_POINTS ALT_NAME TEXT # # 250 ALT_NAME NULLABLE NON_REQUIRED #</Process><Process ToolSource="C:\ArcGIS\Desktop10.0\ArcToolbox\Toolboxes\Data Management Tools.tbx\AddField" Date="20130310" Time="101829">AddField C:\\Users\sysadmin\\AppData\\Roaming\\ESRI\\Desktop10.0\\ArcCatalog\\GEOBUS@CP-DB01-1@GISLOADER@DirectConnect@Default.sde\DISCHARGE_POINTS CATCHMENT_AREA TEXT # # 50 CATCHMENT_AREA NULLABLE NON_REQUIRED #</Process><Process ToolSource="C:\ArcGIS\Desktop10.0\ArcToolbox\Toolboxes\Data Management Tools.tbx\AddField" Date="20130310" Time="101829">AddField C:\\Users\sysadmin\\AppData\\Roaming\\ESRI\\Desktop10.0\\ArcCatalog\\GEOBUS@CP-DB01-1@GISLOADER@DirectConnect@Default.sde\DISCHARGE_POINTS WATERCOURSE TEXT # # 255 WATERCOURSE NULLABLE NON_REQUIRED #</Process><Process ToolSource="C:\ArcGIS\Desktop10.0\ArcToolbox\Toolboxes\Data Management Tools.tbx\AddField" Date="20130310" Time="101830">AddField C:\\Users\sysadmin\\AppData\\Roaming\\ESRI\\Desktop10.0\\ArcCatalog\\GEOBUS@CP-DB01-1@GISLOADER@DirectConnect@Default.sde\DISCHARGE_POINTS REGION TEXT # # 50 REGION NULLABLE NON_REQUIRED #</Process><Process ToolSource="C:\ArcGIS\Desktop10.0\ArcToolbox\Toolboxes\Data Management Tools.tbx\AddField" Date="20130310" Time="101831">AddField C:\\Users\sysadmin\\AppData\\Roaming\\ESRI\\Desktop10.0\\ArcCatalog\\GEOBUS@CP-DB01-1@GISLOADER@DirectConnect@Default.sde\DISCHARGE_POINTS MINERAL_TYPE_PRIMARY TEXT # # 20 MINERAL_TYPE_PRIMARY NULLABLE NON_REQUIRED #</Process><Process ToolSource="C:\ArcGIS\Desktop10.0\ArcToolbox\Toolboxes\Data Management Tools.tbx\AddField" Date="20130310" Time="101831">AddField C:\\Users\sysadmin\\AppData\\Roaming\\ESRI\\Desktop10.0\\ArcCatalog\\GEOBUS@CP-DB01-1@GISLOADER@DirectConnect@Default.sde\DISCHARGE_POINTS MINERAL_TYPE_SECONDARY TEXT # # 20 MINERAL_TYPE_SECONDARY NULLABLE NON_REQUIRED #</Process><Process ToolSource="C:\ArcGIS\Desktop10.0\ArcToolbox\Toolboxes\Data Management Tools.tbx\AddField" Date="20130310" Time="101832">AddField C:\\Users\sysadmin\\AppData\\Roaming\\ESRI\\Desktop10.0\\ArcCatalog\\GEOBUS@CP-DB01-1@GISLOADER@DirectConnect@Default.sde\DISCHARGE_POINTS BANKS TEXT # # 20 BANKS NULLABLE NON_REQUIRED #</Process><Process ToolSource="C:\ArcGIS\Desktop10.0\ArcToolbox\Toolboxes\Data Management Tools.tbx\AddField" Date="20130310" Time="101833">AddField C:\\Users\sysadmin\\AppData\\Roaming\\ESRI\\Desktop10.0\\ArcCatalog\\GEOBUS@CP-DB01-1@GISLOADER@DirectConnect@Default.sde\DISCHARGE_POINTS DISTANCE_FROM_WATERCOURSE SHORT # # 80 DISTANCE_FROM_WATERCOURSE NULLABLE NON_REQUIRED #</Process><Process ToolSource="C:\ArcGIS\Desktop10.0\ArcToolbox\Toolboxes\Data Management Tools.tbx\AddIndex" Date="20130310" Time="111919">AddIndex C:\\Users\sysadmin\\AppData\\Roaming\\ESRI\\Desktop10.0\\ArcCatalog\\GEOBUS@CP-DB01-1@GISLOADER@DirectConnect@Default.sde\DISCHARGE_POINTS FEATURE_REFERENCE DISC_REF_IDX NON_UNIQUE ASCENDING</Process></lineage></DataProperties></Esri></metadata>
